-- MySQL dump 10.13  Distrib 8.0.43, for Win64 (x86_64)
--
-- Host: localhost    Database: shopping
-- ------------------------------------------------------
-- Server version	8.0.43

/*!40101 SET @OLD_CHARACTER_SET_CLIENT=@@CHARACTER_SET_CLIENT */;
/*!40101 SET @OLD_CHARACTER_SET_RESULTS=@@CHARACTER_SET_RESULTS */;
/*!40101 SET @OLD_COLLATION_CONNECTION=@@COLLATION_CONNECTION */;
/*!50503 SET NAMES utf8 */;
/*!40103 SET @OLD_TIME_ZONE=@@TIME_ZONE */;
/*!40103 SET TIME_ZONE='+00:00' */;
/*!40014 SET @OLD_UNIQUE_CHECKS=@@UNIQUE_CHECKS, UNIQUE_CHECKS=0 */;
/*!40014 SET @OLD_FOREIGN_KEY_CHECKS=@@FOREIGN_KEY_CHECKS, FOREIGN_KEY_CHECKS=0 */;
/*!40101 SET @OLD_SQL_MODE=@@SQL_MODE, SQL_MODE='NO_AUTO_VALUE_ON_ZERO' */;
/*!40111 SET @OLD_SQL_NOTES=@@SQL_NOTES, SQL_NOTES=0 */;

--
-- Table structure for table `使用者`
--

DROP TABLE IF EXISTS `使用者`;
/*!40101 SET @saved_cs_client     = @@character_set_client */;
/*!50503 SET character_set_client = utf8mb4 */;
CREATE TABLE `使用者` (
  `使用者編號` int NOT NULL AUTO_INCREMENT,
  `姓名` varchar(50) NOT NULL,
  `性別` varchar(50) NOT NULL,
  `年齡` varchar(50) NOT NULL,
  `地址` varchar(50) NOT NULL,
  `帳號` varchar(50) NOT NULL,
  `密碼` varchar(255) NOT NULL,
  `電子郵件` varchar(100) DEFAULT NULL,
  `建立時間` datetime DEFAULT CURRENT_TIMESTAMP,
  PRIMARY KEY (`使用者編號`),
  UNIQUE KEY `帳號` (`帳號`),
  UNIQUE KEY `UKddej2yntgnndtgrbobfckxtf7` (`帳號`),
  UNIQUE KEY `電子郵件` (`電子郵件`),
  UNIQUE KEY `UKh5wiu093xptxs4dxwoq1ip5h4` (`電子郵件`)
) ENGINE=InnoDB AUTO_INCREMENT=36 DEFAULT CHARSET=utf8mb4 COLLATE=utf8mb4_0900_ai_ci;
/*!40101 SET character_set_client = @saved_cs_client */;

--
-- Dumping data for table `使用者`
--

LOCK TABLES `使用者` WRITE;
/*!40000 ALTER TABLE `使用者` DISABLE KEYS */;
INSERT INTO `使用者` VALUES (1,'小明1','男生','25','123','user1','123456','user1@example.com','2025-10-04 14:57:57'),(2,'小明100','男生','25','234','user2','123456','user2@example.com','2025-10-04 14:57:57'),(3,'小明3','男生','25','23','user3','123456','user3@example.com','2025-10-04 14:57:57'),(4,'小明3','男生','25','334','user4','123456','user4@example.com','2025-10-04 14:57:57'),(25,'小明4','男生','25','台北市','mingX91','123456','mingX91@mail.com','2025-10-06 17:13:12'),(26,'小華','男生','30','新北市','huaY72','123456','huaY72@mail.com','2025-10-06 17:13:12'),(27,'小美','女生','22','台中市','meiZ84','123456','meiZ84@mail.com','2025-10-06 17:13:12'),(28,'小強','男生','28','高雄市','qiangA35','123456','qiangA35@mail.com','2025-10-06 17:13:12'),(29,'小美玲','女生','26','台南市','meilingB63','123456','meilingB63@mail.com','2025-10-06 17:13:12'),(30,'小傑','男生','35','桃園市','jieC19','123456','jieC19@mail.com','2025-10-06 17:13:12'),(31,'小芳','女生','24','新竹市','fangD48','123456','fangD48@mail.com','2025-10-06 17:13:12'),(32,'小宇','男生','29','台北市','yuE57','123456','yuE57@mail.com','2025-10-06 17:13:12'),(33,'小靜','女生','31','台中市','jingF86','123456','jingF86@mail.com','2025-10-06 17:13:12'),(34,'小龍','男生','27','高雄市','longG24','123456','longG24@mail.com','2025-10-06 17:13:12'),(35,'小明122200','男生','25','234','user2123','123456','1sfegf@example.com','2025-10-06 18:06:28');
/*!40000 ALTER TABLE `使用者` ENABLE KEYS */;
UNLOCK TABLES;

--
-- Table structure for table `商品`
--

DROP TABLE IF EXISTS `商品`;
/*!40101 SET @saved_cs_client     = @@character_set_client */;
/*!50503 SET character_set_client = utf8mb4 */;
CREATE TABLE `商品` (
  `商品編號` int NOT NULL AUTO_INCREMENT,
  `上架者編號` int NOT NULL,
  `商品名稱` varchar(100) NOT NULL,
  `商品圖片` varchar(500) DEFAULT NULL,
  `商品描述` text,
  `顏色總類` varchar(100) NOT NULL,
  `尺寸總類` varchar(45) NOT NULL,
  `價格` decimal(10,0) NOT NULL,
  `庫存數量` int DEFAULT '0',
  `上架時間` datetime DEFAULT CURRENT_TIMESTAMP,
  PRIMARY KEY (`商品編號`),
  KEY `FKobs4lmqyxy0ixb4wske23vfkr` (`上架者編號`),
  CONSTRAINT `FKobs4lmqyxy0ixb4wske23vfkr` FOREIGN KEY (`上架者編號`) REFERENCES `使用者` (`使用者編號`)
) ENGINE=InnoDB AUTO_INCREMENT=1003 DEFAULT CHARSET=utf8mb4 COLLATE=utf8mb4_0900_ai_ci;
/*!40101 SET character_set_client = @saved_cs_client */;

--
-- Dumping data for table `商品`
--

LOCK TABLES `商品` WRITE;
/*!40000 ALTER TABLE `商品` DISABLE KEYS */;
INSERT INTO `商品` VALUES (16,1,'素色襯衫（白）','img1.jpg','經典白襯衫，百搭設計，適合正式與休閒場合。','紅#FF0000,黑#000000,白#FFFFFF','S,M,L,XL',890,50,'2025-10-04 14:58:00'),(17,2,'修身西裝褲（深灰）','img2.jpg','西裝布料製成，彈性佳不易皺。','紅#FF0000,黑#000000,白#FFFFFF','S,M,L,XL',1290,40,'2025-10-04 14:58:00'),(18,3,'細針織毛衣（米色）','img3.jpg','柔軟觸感，適合秋冬層次穿搭。','紅#FF0000,黑#000000,白#FFFFFF','M,L,XL',990,35,'2025-10-04 14:58:00'),(19,1,'西裝外套（海軍藍）','img4.jpg','正式場合與休閒穿搭皆可的西裝外套。','紅#FF0000,黑#000000,白#FFFFFF','M,L,XL',2390,20,'2025-10-04 14:58:00'),(20,4,'棉質POLO衫（黑）','img5.jpg','正式場合與休閒穿搭皆可的西裝外套。','紅#FF0000,黑#000000,白#FFFFFF','S,M,L,XL',790,60,'2025-10-04 14:58:00'),(843,1,'舒適棉T恤','img1.jpg','柔軟棉質，日常休閒百搭。','紅#FF0000,黑#000000,白#FFFFFF','S,M,L',450,28,'2025-10-13 12:03:30'),(844,2,'時尚連帽外套','img2.jpg','保暖連帽設計，運動休閒兩相宜。','黑#000000,灰#808080,藍#0000FF','M,L,XL',980,32,'2025-10-13 12:03:30'),(845,3,'修身牛仔褲','img3.jpg','高彈力牛仔布，腿型修長。','深藍#00008B,淺藍#ADD8E6,黑#000000','L,XL',1200,30,'2025-10-13 12:03:30'),(846,4,'格紋襯衫','img4.jpg','經典格紋，上班約會都適合。','紅#FF0000,藍#0000FF,白#FFFFFF,黑#000000','S,M,L',690,31,'2025-10-13 12:03:30'),(847,1,'短版運動背心','img5.jpg','透氣速乾，健身跑步皆宜。','黑#000000,白#FFFFFF,灰#808080','M,L',520,26,'2025-10-13 12:03:30'),(848,2,'寬鬆衛衣','img6.jpg','秋冬必備，柔軟舒適，街頭感十足。','灰#808080,黑#000000,紅#FF0000,藍#0000FF','S,M,L,XL',880,29,'2025-10-13 12:03:30'),(849,3,'迷彩工裝褲','img7.jpg','軍風迷彩，耐磨有型。','綠#008000,咖啡#A52A2A,黑#000000,灰#808080','M,L,XL',1050,25,'2025-10-13 12:03:30'),(850,4,'休閒短褲','img8.jpg','輕薄透氣，夏日街頭休閒必備。','藍#0000FF,白#FFFFFF,灰#808080','S,M,L',450,27,'2025-10-13 12:03:30'),(851,1,'高領針織毛衣','img9.jpg','保暖有型，秋冬層次穿搭首選。','米#FFF8DC,棕#A52A2A,深藍#00008B','M,L,XL',920,33,'2025-10-13 12:03:30'),(852,2,'運動緊身褲','img10.jpg','彈性佳，健身跑步皆可。','黑#000000,灰#808080,藍#0000FF,紅#FF0000,白#FFFFFF','S,M,L,XL',780,34,'2025-10-13 12:03:30'),(853,1,'舒適棉T恤','img1.jpg','柔軟棉質，日常休閒百搭。','紅#FF0000,黑#000000,白#FFFFFF','S,M,L',450,28,'2025-10-13 12:03:31'),(854,2,'時尚連帽外套','img2.jpg','保暖連帽設計，運動休閒兩相宜。','黑#000000,灰#808080,藍#0000FF','M,L,XL',980,32,'2025-10-13 12:03:31'),(855,3,'修身牛仔褲','img3.jpg','高彈力牛仔布，腿型修長。','深藍#00008B,淺藍#ADD8E6,黑#000000','L,XL',1200,30,'2025-10-13 12:03:31'),(856,4,'格紋襯衫','img4.jpg','經典格紋，上班約會都適合。','紅#FF0000,藍#0000FF,白#FFFFFF,黑#000000','S,M,L',690,31,'2025-10-13 12:03:31'),(857,1,'短版運動背心','img5.jpg','透氣速乾，健身跑步皆宜。','黑#000000,白#FFFFFF,灰#808080','M,L',520,26,'2025-10-13 12:03:31'),(858,2,'寬鬆衛衣','img6.jpg','秋冬必備，柔軟舒適，街頭感十足。','灰#808080,黑#000000,紅#FF0000,藍#0000FF','S,M,L,XL',880,29,'2025-10-13 12:03:31'),(859,3,'迷彩工裝褲','img7.jpg','軍風迷彩，耐磨有型。','綠#008000,咖啡#A52A2A,黑#000000,灰#808080','M,L,XL',1050,25,'2025-10-13 12:03:31'),(860,4,'休閒短褲','img8.jpg','輕薄透氣，夏日街頭休閒必備。','藍#0000FF,白#FFFFFF,灰#808080','S,M,L',450,27,'2025-10-13 12:03:31'),(861,1,'高領針織毛衣','img9.jpg','保暖有型，秋冬層次穿搭首選。','米#FFF8DC,棕#A52A2A,深藍#00008B','M,L,XL',920,33,'2025-10-13 12:03:31'),(862,2,'運動緊身褲','img10.jpg','彈性佳，健身跑步皆可。','黑#000000,灰#808080,藍#0000FF,紅#FF0000,白#FFFFFF','S,M,L,XL',780,34,'2025-10-13 12:03:31'),(863,1,'舒適棉T恤','img1.jpg','柔軟棉質，日常休閒百搭。','紅#FF0000,黑#000000,白#FFFFFF','S,M,L',450,28,'2025-10-13 12:03:31'),(864,2,'時尚連帽外套','img2.jpg','保暖連帽設計，運動休閒兩相宜。','黑#000000,灰#808080,藍#0000FF','M,L,XL',980,32,'2025-10-13 12:03:31'),(865,3,'修身牛仔褲','img3.jpg','高彈力牛仔布，腿型修長。','深藍#00008B,淺藍#ADD8E6,黑#000000','L,XL',1200,30,'2025-10-13 12:03:31'),(866,4,'格紋襯衫','img4.jpg','經典格紋，上班約會都適合。','紅#FF0000,藍#0000FF,白#FFFFFF,黑#000000','S,M,L',690,31,'2025-10-13 12:03:31'),(867,1,'短版運動背心','img5.jpg','透氣速乾，健身跑步皆宜。','黑#000000,白#FFFFFF,灰#808080','M,L',520,26,'2025-10-13 12:03:31'),(868,2,'寬鬆衛衣','img6.jpg','秋冬必備，柔軟舒適，街頭感十足。','灰#808080,黑#000000,紅#FF0000,藍#0000FF','S,M,L,XL',880,29,'2025-10-13 12:03:31'),(869,3,'迷彩工裝褲','img7.jpg','軍風迷彩，耐磨有型。','綠#008000,咖啡#A52A2A,黑#000000,灰#808080','M,L,XL',1050,25,'2025-10-13 12:03:31'),(870,4,'休閒短褲','img8.jpg','輕薄透氣，夏日街頭休閒必備。','藍#0000FF,白#FFFFFF,灰#808080','S,M,L',450,27,'2025-10-13 12:03:31'),(871,1,'高領針織毛衣','img9.jpg','保暖有型，秋冬層次穿搭首選。','米#FFF8DC,棕#A52A2A,深藍#00008B','M,L,XL',920,33,'2025-10-13 12:03:31'),(872,2,'運動緊身褲','img10.jpg','彈性佳，健身跑步皆可。','黑#000000,灰#808080,藍#0000FF,紅#FF0000,白#FFFFFF','S,M,L,XL',780,34,'2025-10-13 12:03:31'),(873,1,'舒適棉T恤','img1.jpg','柔軟棉質，日常休閒百搭。','紅#FF0000,黑#000000,白#FFFFFF','S,M,L',450,28,'2025-10-13 12:03:31'),(874,2,'時尚連帽外套','img2.jpg','保暖連帽設計，運動休閒兩相宜。','黑#000000,灰#808080,藍#0000FF','M,L,XL',980,32,'2025-10-13 12:03:31'),(875,3,'修身牛仔褲','img3.jpg','高彈力牛仔布，腿型修長。','深藍#00008B,淺藍#ADD8E6,黑#000000','L,XL',1200,30,'2025-10-13 12:03:31'),(876,4,'格紋襯衫','img4.jpg','經典格紋，上班約會都適合。','紅#FF0000,藍#0000FF,白#FFFFFF,黑#000000','S,M,L',690,31,'2025-10-13 12:03:31'),(877,1,'短版運動背心','img5.jpg','透氣速乾，健身跑步皆宜。','黑#000000,白#FFFFFF,灰#808080','M,L',520,26,'2025-10-13 12:03:31'),(878,2,'寬鬆衛衣','img6.jpg','秋冬必備，柔軟舒適，街頭感十足。','灰#808080,黑#000000,紅#FF0000,藍#0000FF','S,M,L,XL',880,29,'2025-10-13 12:03:31'),(879,3,'迷彩工裝褲','img7.jpg','軍風迷彩，耐磨有型。','綠#008000,咖啡#A52A2A,黑#000000,灰#808080','M,L,XL',1050,25,'2025-10-13 12:03:31'),(880,4,'休閒短褲','img8.jpg','輕薄透氣，夏日街頭休閒必備。','藍#0000FF,白#FFFFFF,灰#808080','S,M,L',450,27,'2025-10-13 12:03:31'),(881,1,'高領針織毛衣','img9.jpg','保暖有型，秋冬層次穿搭首選。','米#FFF8DC,棕#A52A2A,深藍#00008B','M,L,XL',920,33,'2025-10-13 12:03:31'),(882,2,'運動緊身褲','img10.jpg','彈性佳，健身跑步皆可。','黑#000000,灰#808080,藍#0000FF,紅#FF0000,白#FFFFFF','S,M,L,XL',780,34,'2025-10-13 12:03:31'),(883,1,'舒適棉T恤','img1.jpg','柔軟棉質，日常休閒百搭。','紅#FF0000,黑#000000,白#FFFFFF','S,M,L',450,28,'2025-10-13 12:03:32'),(884,2,'時尚連帽外套','img2.jpg','保暖連帽設計，運動休閒兩相宜。','黑#000000,灰#808080,藍#0000FF','M,L,XL',980,32,'2025-10-13 12:03:32'),(885,3,'修身牛仔褲','img3.jpg','高彈力牛仔布，腿型修長。','深藍#00008B,淺藍#ADD8E6,黑#000000','L,XL',1200,30,'2025-10-13 12:03:32'),(886,4,'格紋襯衫','img4.jpg','經典格紋，上班約會都適合。','紅#FF0000,藍#0000FF,白#FFFFFF,黑#000000','S,M,L',690,31,'2025-10-13 12:03:32'),(887,1,'短版運動背心','img5.jpg','透氣速乾，健身跑步皆宜。','黑#000000,白#FFFFFF,灰#808080','M,L',520,26,'2025-10-13 12:03:32'),(888,2,'寬鬆衛衣','img6.jpg','秋冬必備，柔軟舒適，街頭感十足。','灰#808080,黑#000000,紅#FF0000,藍#0000FF','S,M,L,XL',880,29,'2025-10-13 12:03:32'),(889,3,'迷彩工裝褲','img7.jpg','軍風迷彩，耐磨有型。','綠#008000,咖啡#A52A2A,黑#000000,灰#808080','M,L,XL',1050,25,'2025-10-13 12:03:32'),(890,4,'休閒短褲','img8.jpg','輕薄透氣，夏日街頭休閒必備。','藍#0000FF,白#FFFFFF,灰#808080','S,M,L',450,27,'2025-10-13 12:03:32'),(891,1,'高領針織毛衣','img9.jpg','保暖有型，秋冬層次穿搭首選。','米#FFF8DC,棕#A52A2A,深藍#00008B','M,L,XL',920,33,'2025-10-13 12:03:32'),(892,2,'運動緊身褲','img10.jpg','彈性佳，健身跑步皆可。','黑#000000,灰#808080,藍#0000FF,紅#FF0000,白#FFFFFF','S,M,L,XL',780,34,'2025-10-13 12:03:32'),(893,1,'舒適棉T恤','img1.jpg','柔軟棉質，日常休閒百搭。','紅#FF0000,黑#000000,白#FFFFFF','S,M,L',450,28,'2025-10-13 12:03:32'),(894,2,'時尚連帽外套','img2.jpg','保暖連帽設計，運動休閒兩相宜。','黑#000000,灰#808080,藍#0000FF','M,L,XL',980,32,'2025-10-13 12:03:32'),(895,3,'修身牛仔褲','img3.jpg','高彈力牛仔布，腿型修長。','深藍#00008B,淺藍#ADD8E6,黑#000000','L,XL',1200,30,'2025-10-13 12:03:32'),(896,4,'格紋襯衫','img4.jpg','經典格紋，上班約會都適合。','紅#FF0000,藍#0000FF,白#FFFFFF,黑#000000','S,M,L',690,31,'2025-10-13 12:03:32'),(897,1,'短版運動背心','img5.jpg','透氣速乾，健身跑步皆宜。','黑#000000,白#FFFFFF,灰#808080','M,L',520,26,'2025-10-13 12:03:32'),(898,2,'寬鬆衛衣','img6.jpg','秋冬必備，柔軟舒適，街頭感十足。','灰#808080,黑#000000,紅#FF0000,藍#0000FF','S,M,L,XL',880,29,'2025-10-13 12:03:32'),(899,3,'迷彩工裝褲','img7.jpg','軍風迷彩，耐磨有型。','綠#008000,咖啡#A52A2A,黑#000000,灰#808080','M,L,XL',1050,25,'2025-10-13 12:03:32'),(900,4,'休閒短褲','img8.jpg','輕薄透氣，夏日街頭休閒必備。','藍#0000FF,白#FFFFFF,灰#808080','S,M,L',450,27,'2025-10-13 12:03:32'),(901,1,'高領針織毛衣','img9.jpg','保暖有型，秋冬層次穿搭首選。','米#FFF8DC,棕#A52A2A,深藍#00008B','M,L,XL',920,33,'2025-10-13 12:03:32'),(902,2,'運動緊身褲','img10.jpg','彈性佳，健身跑步皆可。','黑#000000,灰#808080,藍#0000FF,紅#FF0000,白#FFFFFF','S,M,L,XL',780,34,'2025-10-13 12:03:32'),(903,1,'舒適棉T恤','img1.jpg','柔軟棉質，日常休閒百搭。','紅#FF0000,黑#000000,白#FFFFFF','S,M,L',450,28,'2025-10-13 12:03:32'),(904,2,'時尚連帽外套','img2.jpg','保暖連帽設計，運動休閒兩相宜。','黑#000000,灰#808080,藍#0000FF','M,L,XL',980,32,'2025-10-13 12:03:32'),(905,3,'修身牛仔褲','img3.jpg','高彈力牛仔布，腿型修長。','深藍#00008B,淺藍#ADD8E6,黑#000000','L,XL',1200,30,'2025-10-13 12:03:32'),(906,4,'格紋襯衫','img4.jpg','經典格紋，上班約會都適合。','紅#FF0000,藍#0000FF,白#FFFFFF,黑#000000','S,M,L',690,31,'2025-10-13 12:03:32'),(907,1,'短版運動背心','img5.jpg','透氣速乾，健身跑步皆宜。','黑#000000,白#FFFFFF,灰#808080','M,L',520,26,'2025-10-13 12:03:32'),(908,2,'寬鬆衛衣','img6.jpg','秋冬必備，柔軟舒適，街頭感十足。','灰#808080,黑#000000,紅#FF0000,藍#0000FF','S,M,L,XL',880,29,'2025-10-13 12:03:32'),(909,3,'迷彩工裝褲','img7.jpg','軍風迷彩，耐磨有型。','綠#008000,咖啡#A52A2A,黑#000000,灰#808080','M,L,XL',1050,25,'2025-10-13 12:03:32'),(910,4,'休閒短褲','img8.jpg','輕薄透氣，夏日街頭休閒必備。','藍#0000FF,白#FFFFFF,灰#808080','S,M,L',450,27,'2025-10-13 12:03:32'),(911,1,'高領針織毛衣','img9.jpg','保暖有型，秋冬層次穿搭首選。','米#FFF8DC,棕#A52A2A,深藍#00008B','M,L,XL',920,33,'2025-10-13 12:03:32'),(912,2,'運動緊身褲','img10.jpg','彈性佳，健身跑步皆可。','黑#000000,灰#808080,藍#0000FF,紅#FF0000,白#FFFFFF','S,M,L,XL',780,34,'2025-10-13 12:03:32'),(913,1,'舒適棉T恤','img1.jpg','柔軟棉質，日常休閒百搭。','紅#FF0000,黑#000000,白#FFFFFF','S,M,L',450,28,'2025-10-13 12:03:32'),(914,2,'時尚連帽外套','img2.jpg','保暖連帽設計，運動休閒兩相宜。','黑#000000,灰#808080,藍#0000FF','M,L,XL',980,32,'2025-10-13 12:03:32'),(915,3,'修身牛仔褲','img3.jpg','高彈力牛仔布，腿型修長。','深藍#00008B,淺藍#ADD8E6,黑#000000','L,XL',1200,30,'2025-10-13 12:03:32'),(916,4,'格紋襯衫','img4.jpg','經典格紋，上班約會都適合。','紅#FF0000,藍#0000FF,白#FFFFFF,黑#000000','S,M,L',690,31,'2025-10-13 12:03:32'),(917,1,'短版運動背心','img5.jpg','透氣速乾，健身跑步皆宜。','黑#000000,白#FFFFFF,灰#808080','M,L',520,26,'2025-10-13 12:03:32'),(918,2,'寬鬆衛衣','img6.jpg','秋冬必備，柔軟舒適，街頭感十足。','灰#808080,黑#000000,紅#FF0000,藍#0000FF','S,M,L,XL',880,29,'2025-10-13 12:03:32'),(919,3,'迷彩工裝褲','img7.jpg','軍風迷彩，耐磨有型。','綠#008000,咖啡#A52A2A,黑#000000,灰#808080','M,L,XL',1050,25,'2025-10-13 12:03:32'),(920,4,'休閒短褲','img8.jpg','輕薄透氣，夏日街頭休閒必備。','藍#0000FF,白#FFFFFF,灰#808080','S,M,L',450,27,'2025-10-13 12:03:32'),(921,1,'高領針織毛衣','img9.jpg','保暖有型，秋冬層次穿搭首選。','米#FFF8DC,棕#A52A2A,深藍#00008B','M,L,XL',920,33,'2025-10-13 12:03:32'),(922,2,'運動緊身褲','img10.jpg','彈性佳，健身跑步皆可。','黑#000000,灰#808080,藍#0000FF,紅#FF0000,白#FFFFFF','S,M,L,XL',780,34,'2025-10-13 12:03:32'),(923,1,'舒適棉T恤','img1.jpg','柔軟棉質，日常休閒百搭。','紅#FF0000,黑#000000,白#FFFFFF','S,M,L',450,28,'2025-10-13 12:03:32'),(924,2,'時尚連帽外套','img2.jpg','保暖連帽設計，運動休閒兩相宜。','黑#000000,灰#808080,藍#0000FF','M,L,XL',980,32,'2025-10-13 12:03:32'),(925,3,'修身牛仔褲','img3.jpg','高彈力牛仔布，腿型修長。','深藍#00008B,淺藍#ADD8E6,黑#000000','L,XL',1200,30,'2025-10-13 12:03:32'),(926,4,'格紋襯衫','img4.jpg','經典格紋，上班約會都適合。','紅#FF0000,藍#0000FF,白#FFFFFF,黑#000000','S,M,L',690,31,'2025-10-13 12:03:32'),(927,1,'短版運動背心','img5.jpg','透氣速乾，健身跑步皆宜。','黑#000000,白#FFFFFF,灰#808080','M,L',520,26,'2025-10-13 12:03:32'),(928,2,'寬鬆衛衣','img6.jpg','秋冬必備，柔軟舒適，街頭感十足。','灰#808080,黑#000000,紅#FF0000,藍#0000FF','S,M,L,XL',880,29,'2025-10-13 12:03:32'),(929,3,'迷彩工裝褲','img7.jpg','軍風迷彩，耐磨有型。','綠#008000,咖啡#A52A2A,黑#000000,灰#808080','M,L,XL',1050,25,'2025-10-13 12:03:32'),(930,4,'休閒短褲','img8.jpg','輕薄透氣，夏日街頭休閒必備。','藍#0000FF,白#FFFFFF,灰#808080','S,M,L',450,27,'2025-10-13 12:03:32'),(931,1,'高領針織毛衣','img9.jpg','保暖有型，秋冬層次穿搭首選。','米#FFF8DC,棕#A52A2A,深藍#00008B','M,L,XL',920,33,'2025-10-13 12:03:32'),(932,2,'運動緊身褲','img10.jpg','彈性佳，健身跑步皆可。','黑#000000,灰#808080,藍#0000FF,紅#FF0000,白#FFFFFF','S,M,L,XL',780,34,'2025-10-13 12:03:32'),(933,1,'舒適棉T恤','img1.jpg','柔軟棉質，日常休閒百搭。','紅#FF0000,黑#000000,白#FFFFFF','S,M,L',450,28,'2025-10-13 12:03:33'),(934,2,'時尚連帽外套','img2.jpg','保暖連帽設計，運動休閒兩相宜。','黑#000000,灰#808080,藍#0000FF','M,L,XL',980,32,'2025-10-13 12:03:33'),(935,3,'修身牛仔褲','img3.jpg','高彈力牛仔布，腿型修長。','深藍#00008B,淺藍#ADD8E6,黑#000000','L,XL',1200,30,'2025-10-13 12:03:33'),(936,4,'格紋襯衫','img4.jpg','經典格紋，上班約會都適合。','紅#FF0000,藍#0000FF,白#FFFFFF,黑#000000','S,M,L',690,31,'2025-10-13 12:03:33'),(937,1,'短版運動背心','img5.jpg','透氣速乾，健身跑步皆宜。','黑#000000,白#FFFFFF,灰#808080','M,L',520,26,'2025-10-13 12:03:33'),(938,2,'寬鬆衛衣','img6.jpg','秋冬必備，柔軟舒適，街頭感十足。','灰#808080,黑#000000,紅#FF0000,藍#0000FF','S,M,L,XL',880,29,'2025-10-13 12:03:33'),(939,3,'迷彩工裝褲','img7.jpg','軍風迷彩，耐磨有型。','綠#008000,咖啡#A52A2A,黑#000000,灰#808080','M,L,XL',1050,25,'2025-10-13 12:03:33'),(940,4,'休閒短褲','img8.jpg','輕薄透氣，夏日街頭休閒必備。','藍#0000FF,白#FFFFFF,灰#808080','S,M,L',450,27,'2025-10-13 12:03:33'),(941,1,'高領針織毛衣','img9.jpg','保暖有型，秋冬層次穿搭首選。','米#FFF8DC,棕#A52A2A,深藍#00008B','M,L,XL',920,33,'2025-10-13 12:03:33'),(942,2,'運動緊身褲','img10.jpg','彈性佳，健身跑步皆可。','黑#000000,灰#808080,藍#0000FF,紅#FF0000,白#FFFFFF','S,M,L,XL',780,34,'2025-10-13 12:03:33'),(943,1,'舒適棉T恤','img1.jpg','柔軟棉質，日常休閒百搭。','紅#FF0000,黑#000000,白#FFFFFF','S,M,L',450,28,'2025-10-13 12:03:34'),(944,2,'時尚連帽外套','img2.jpg','保暖連帽設計，運動休閒兩相宜。','黑#000000,灰#808080,藍#0000FF','M,L,XL',980,32,'2025-10-13 12:03:34'),(945,3,'修身牛仔褲','img3.jpg','高彈力牛仔布，腿型修長。','深藍#00008B,淺藍#ADD8E6,黑#000000','L,XL',1200,30,'2025-10-13 12:03:34'),(946,4,'格紋襯衫','img4.jpg','經典格紋，上班約會都適合。','紅#FF0000,藍#0000FF,白#FFFFFF,黑#000000','S,M,L',690,31,'2025-10-13 12:03:34'),(947,1,'短版運動背心','img5.jpg','透氣速乾，健身跑步皆宜。','黑#000000,白#FFFFFF,灰#808080','M,L',520,26,'2025-10-13 12:03:34'),(948,2,'寬鬆衛衣','img6.jpg','秋冬必備，柔軟舒適，街頭感十足。','灰#808080,黑#000000,紅#FF0000,藍#0000FF','S,M,L,XL',880,29,'2025-10-13 12:03:34'),(949,3,'迷彩工裝褲','img7.jpg','軍風迷彩，耐磨有型。','綠#008000,咖啡#A52A2A,黑#000000,灰#808080','M,L,XL',1050,25,'2025-10-13 12:03:34'),(950,4,'休閒短褲','img8.jpg','輕薄透氣，夏日街頭休閒必備。','藍#0000FF,白#FFFFFF,灰#808080','S,M,L',450,27,'2025-10-13 12:03:34'),(951,1,'高領針織毛衣','img9.jpg','保暖有型，秋冬層次穿搭首選。','米#FFF8DC,棕#A52A2A,深藍#00008B','M,L,XL',920,33,'2025-10-13 12:03:34'),(952,2,'運動緊身褲','img10.jpg','彈性佳，健身跑步皆可。','黑#000000,灰#808080,藍#0000FF,紅#FF0000,白#FFFFFF','S,M,L,XL',780,34,'2025-10-13 12:03:34'),(953,1,'舒適棉T恤','img1.jpg','柔軟棉質，日常休閒百搭。','紅#FF0000,黑#000000,白#FFFFFF','S,M,L',450,28,'2025-10-13 12:03:34'),(954,2,'時尚連帽外套','img2.jpg','保暖連帽設計，運動休閒兩相宜。','黑#000000,灰#808080,藍#0000FF','M,L,XL',980,32,'2025-10-13 12:03:34'),(955,3,'修身牛仔褲','img3.jpg','高彈力牛仔布，腿型修長。','深藍#00008B,淺藍#ADD8E6,黑#000000','L,XL',1200,30,'2025-10-13 12:03:34'),(956,4,'格紋襯衫','img4.jpg','經典格紋，上班約會都適合。','紅#FF0000,藍#0000FF,白#FFFFFF,黑#000000','S,M,L',690,31,'2025-10-13 12:03:34'),(957,1,'短版運動背心','img5.jpg','透氣速乾，健身跑步皆宜。','黑#000000,白#FFFFFF,灰#808080','M,L',520,26,'2025-10-13 12:03:34'),(958,2,'寬鬆衛衣','img6.jpg','秋冬必備，柔軟舒適，街頭感十足。','灰#808080,黑#000000,紅#FF0000,藍#0000FF','S,M,L,XL',880,29,'2025-10-13 12:03:34'),(959,3,'迷彩工裝褲','img7.jpg','軍風迷彩，耐磨有型。','綠#008000,咖啡#A52A2A,黑#000000,灰#808080','M,L,XL',1050,25,'2025-10-13 12:03:34'),(960,4,'休閒短褲','img8.jpg','輕薄透氣，夏日街頭休閒必備。','藍#0000FF,白#FFFFFF,灰#808080','S,M,L',450,27,'2025-10-13 12:03:34'),(961,1,'高領針織毛衣','img9.jpg','保暖有型，秋冬層次穿搭首選。','米#FFF8DC,棕#A52A2A,深藍#00008B','M,L,XL',920,33,'2025-10-13 12:03:34'),(962,2,'運動緊身褲','img10.jpg','彈性佳，健身跑步皆可。','黑#000000,灰#808080,藍#0000FF,紅#FF0000,白#FFFFFF','S,M,L,XL',780,34,'2025-10-13 12:03:34'),(963,1,'舒適棉T恤','img1.jpg','柔軟棉質，日常休閒百搭。','紅#FF0000,黑#000000,白#FFFFFF','S,M,L',450,28,'2025-10-13 12:03:34'),(964,2,'時尚連帽外套','img2.jpg','保暖連帽設計，運動休閒兩相宜。','黑#000000,灰#808080,藍#0000FF','M,L,XL',980,32,'2025-10-13 12:03:34'),(965,3,'修身牛仔褲','img3.jpg','高彈力牛仔布，腿型修長。','深藍#00008B,淺藍#ADD8E6,黑#000000','L,XL',1200,30,'2025-10-13 12:03:34'),(966,4,'格紋襯衫','img4.jpg','經典格紋，上班約會都適合。','紅#FF0000,藍#0000FF,白#FFFFFF,黑#000000','S,M,L',690,31,'2025-10-13 12:03:34'),(967,1,'短版運動背心','img5.jpg','透氣速乾，健身跑步皆宜。','黑#000000,白#FFFFFF,灰#808080','M,L',520,26,'2025-10-13 12:03:34'),(968,2,'寬鬆衛衣','img6.jpg','秋冬必備，柔軟舒適，街頭感十足。','灰#808080,黑#000000,紅#FF0000,藍#0000FF','S,M,L,XL',880,29,'2025-10-13 12:03:34'),(969,3,'迷彩工裝褲','img7.jpg','軍風迷彩，耐磨有型。','綠#008000,咖啡#A52A2A,黑#000000,灰#808080','M,L,XL',1050,25,'2025-10-13 12:03:34'),(970,4,'休閒短褲','img8.jpg','輕薄透氣，夏日街頭休閒必備。','藍#0000FF,白#FFFFFF,灰#808080','S,M,L',450,27,'2025-10-13 12:03:34'),(971,1,'高領針織毛衣','img9.jpg','保暖有型，秋冬層次穿搭首選。','米#FFF8DC,棕#A52A2A,深藍#00008B','M,L,XL',920,33,'2025-10-13 12:03:34'),(972,2,'運動緊身褲','img10.jpg','彈性佳，健身跑步皆可。','黑#000000,灰#808080,藍#0000FF,紅#FF0000,白#FFFFFF','S,M,L,XL',780,34,'2025-10-13 12:03:34'),(973,1,'舒適棉T恤','img1.jpg','柔軟棉質，日常休閒百搭。','紅#FF0000,黑#000000,白#FFFFFF','S,M,L',450,28,'2025-10-13 12:03:34'),(974,2,'時尚連帽外套','img2.jpg','保暖連帽設計，運動休閒兩相宜。','黑#000000,灰#808080,藍#0000FF','M,L,XL',980,32,'2025-10-13 12:03:34'),(975,3,'修身牛仔褲','img3.jpg','高彈力牛仔布，腿型修長。','深藍#00008B,淺藍#ADD8E6,黑#000000','L,XL',1200,30,'2025-10-13 12:03:34'),(976,4,'格紋襯衫','img4.jpg','經典格紋，上班約會都適合。','紅#FF0000,藍#0000FF,白#FFFFFF,黑#000000','S,M,L',690,31,'2025-10-13 12:03:34'),(977,1,'短版運動背心','img5.jpg','透氣速乾，健身跑步皆宜。','黑#000000,白#FFFFFF,灰#808080','M,L',520,26,'2025-10-13 12:03:34'),(978,2,'寬鬆衛衣','img6.jpg','秋冬必備，柔軟舒適，街頭感十足。','灰#808080,黑#000000,紅#FF0000,藍#0000FF','S,M,L,XL',880,29,'2025-10-13 12:03:34'),(979,3,'迷彩工裝褲','img7.jpg','軍風迷彩，耐磨有型。','綠#008000,咖啡#A52A2A,黑#000000,灰#808080','M,L,XL',1050,25,'2025-10-13 12:03:34'),(980,4,'休閒短褲','img8.jpg','輕薄透氣，夏日街頭休閒必備。','藍#0000FF,白#FFFFFF,灰#808080','S,M,L',450,27,'2025-10-13 12:03:34'),(981,1,'高領針織毛衣','img9.jpg','保暖有型，秋冬層次穿搭首選。','米#FFF8DC,棕#A52A2A,深藍#00008B','M,L,XL',920,33,'2025-10-13 12:03:34'),(982,2,'運動緊身褲','img10.jpg','彈性佳，健身跑步皆可。','黑#000000,灰#808080,藍#0000FF,紅#FF0000,白#FFFFFF','S,M,L,XL',780,34,'2025-10-13 12:03:34'),(983,1,'舒適棉T恤','img1.jpg','柔軟棉質，日常休閒百搭。','紅#FF0000,黑#000000,白#FFFFFF','S,M,L',450,28,'2025-10-13 12:03:34'),(984,2,'時尚連帽外套','img2.jpg','保暖連帽設計，運動休閒兩相宜。','黑#000000,灰#808080,藍#0000FF','M,L,XL',980,32,'2025-10-13 12:03:34'),(985,3,'修身牛仔褲','img3.jpg','高彈力牛仔布，腿型修長。','深藍#00008B,淺藍#ADD8E6,黑#000000','L,XL',1200,30,'2025-10-13 12:03:34'),(986,4,'格紋襯衫','img4.jpg','經典格紋，上班約會都適合。','紅#FF0000,藍#0000FF,白#FFFFFF,黑#000000','S,M,L',690,31,'2025-10-13 12:03:34'),(987,1,'短版運動背心','img5.jpg','透氣速乾，健身跑步皆宜。','黑#000000,白#FFFFFF,灰#808080','M,L',520,26,'2025-10-13 12:03:34'),(988,2,'寬鬆衛衣','img6.jpg','秋冬必備，柔軟舒適，街頭感十足。','灰#808080,黑#000000,紅#FF0000,藍#0000FF','S,M,L,XL',880,29,'2025-10-13 12:03:34'),(989,3,'迷彩工裝褲','img7.jpg','軍風迷彩，耐磨有型。','綠#008000,咖啡#A52A2A,黑#000000,灰#808080','M,L,XL',1050,25,'2025-10-13 12:03:34'),(990,4,'休閒短褲','img8.jpg','輕薄透氣，夏日街頭休閒必備。','藍#0000FF,白#FFFFFF,灰#808080','S,M,L',450,27,'2025-10-13 12:03:34'),(991,1,'高領針織毛衣','img9.jpg','保暖有型，秋冬層次穿搭首選。','米#FFF8DC,棕#A52A2A,深藍#00008B','M,L,XL',920,33,'2025-10-13 12:03:34'),(992,2,'運動緊身褲','img10.jpg','彈性佳，健身跑步皆可。','黑#000000,灰#808080,藍#0000FF,紅#FF0000,白#FFFFFF','S,M,L,XL',780,34,'2025-10-13 12:03:34'),(993,1,'舒適棉T恤','img1.jpg','柔軟棉質，日常休閒百搭。','紅#FF0000,黑#000000,白#FFFFFF','S,M,L',450,28,'2025-10-13 12:03:34'),(994,2,'時尚連帽外套','img2.jpg','保暖連帽設計，運動休閒兩相宜。','黑#000000,灰#808080,藍#0000FF','M,L,XL',980,32,'2025-10-13 12:03:34'),(995,3,'修身牛仔褲','img3.jpg','高彈力牛仔布，腿型修長。','深藍#00008B,淺藍#ADD8E6,黑#000000','L,XL',1200,30,'2025-10-13 12:03:34'),(996,4,'格紋襯衫','img4.jpg','經典格紋，上班約會都適合。','紅#FF0000,藍#0000FF,白#FFFFFF,黑#000000','S,M,L',690,31,'2025-10-13 12:03:34'),(997,1,'短版運動背心','img5.jpg','透氣速乾，健身跑步皆宜。','黑#000000,白#FFFFFF,灰#808080','M,L',520,26,'2025-10-13 12:03:34'),(998,2,'寬鬆衛衣','img6.jpg','秋冬必備，柔軟舒適，街頭感十足。','灰#808080,黑#000000,紅#FF0000,藍#0000FF','S,M,L,XL',880,29,'2025-10-13 12:03:34'),(999,3,'迷彩工裝褲','img7.jpg','軍風迷彩，耐磨有型。','綠#008000,咖啡#A52A2A,黑#000000,灰#808080','M,L,XL',1050,25,'2025-10-13 12:03:34'),(1000,4,'休閒短褲','img8.jpg','輕薄透氣，夏日街頭休閒必備。','藍#0000FF,白#FFFFFF,灰#808080','S,M,L',450,27,'2025-10-13 12:03:34'),(1001,1,'高領針織毛衣','img9.jpg','保暖有型，秋冬層次穿搭首選。','米#FFF8DC,棕#A52A2A,深藍#00008B','M,L,XL',920,33,'2025-10-13 12:03:34'),(1002,2,'運動緊身褲','img10.jpg','彈性佳，健身跑步皆可。','黑#000000,灰#808080,藍#0000FF,紅#FF0000,白#FFFFFF','S,M,L,XL',780,34,'2025-10-13 12:03:34');
/*!40000 ALTER TABLE `商品` ENABLE KEYS */;
UNLOCK TABLES;

--
-- Table structure for table `訂單`
--

DROP TABLE IF EXISTS `訂單`;
/*!40101 SET @saved_cs_client     = @@character_set_client */;
/*!50503 SET character_set_client = utf8mb4 */;
CREATE TABLE `訂單` (
  `訂單編號` int NOT NULL AUTO_INCREMENT,
  `使用者編號` int NOT NULL,
  `總金額` decimal(10,0) NOT NULL,
  `狀態` varchar(3) DEFAULT NULL,
  `建立時間` datetime DEFAULT CURRENT_TIMESTAMP,
  PRIMARY KEY (`訂單編號`),
  KEY `使用者編號` (`使用者編號`),
  CONSTRAINT `訂單_ibfk_1` FOREIGN KEY (`使用者編號`) REFERENCES `使用者` (`使用者編號`)
) ENGINE=InnoDB AUTO_INCREMENT=5 DEFAULT CHARSET=utf8mb4 COLLATE=utf8mb4_0900_ai_ci;
/*!40101 SET character_set_client = @saved_cs_client */;

--
-- Dumping data for table `訂單`
--

LOCK TABLES `訂單` WRITE;
/*!40000 ALTER TABLE `訂單` DISABLE KEYS */;
INSERT INTO `訂單` VALUES (1,1,3000,'完成','2025-10-04 16:00:00'),(2,2,2500,'完成','2025-10-04 16:10:00'),(3,3,1500,'進行中','2025-10-04 16:20:00'),(4,4,4000,'取消','2025-10-04 16:30:00');
/*!40000 ALTER TABLE `訂單` ENABLE KEYS */;
UNLOCK TABLES;

--
-- Table structure for table `訂單明細`
--

DROP TABLE IF EXISTS `訂單明細`;
/*!40101 SET @saved_cs_client     = @@character_set_client */;
/*!50503 SET character_set_client = utf8mb4 */;
CREATE TABLE `訂單明細` (
  `明細編號` int NOT NULL AUTO_INCREMENT,
  `訂單編號` int NOT NULL,
  `商品編號` int NOT NULL,
  `數量` int NOT NULL,
  `單價` decimal(10,0) NOT NULL,
  PRIMARY KEY (`明細編號`),
  KEY `訂單編號` (`訂單編號`),
  KEY `商品編號` (`商品編號`),
  CONSTRAINT `訂單明細_ibfk_1` FOREIGN KEY (`訂單編號`) REFERENCES `訂單` (`訂單編號`),
  CONSTRAINT `訂單明細_ibfk_2` FOREIGN KEY (`商品編號`) REFERENCES `商品` (`商品編號`)
) ENGINE=InnoDB DEFAULT CHARSET=utf8mb4 COLLATE=utf8mb4_0900_ai_ci;
/*!40101 SET character_set_client = @saved_cs_client */;

--
-- Dumping data for table `訂單明細`
--

LOCK TABLES `訂單明細` WRITE;
/*!40000 ALTER TABLE `訂單明細` DISABLE KEYS */;
/*!40000 ALTER TABLE `訂單明細` ENABLE KEYS */;
UNLOCK TABLES;

--
-- Table structure for table `評論`
--

DROP TABLE IF EXISTS `評論`;
/*!40101 SET @saved_cs_client     = @@character_set_client */;
/*!50503 SET character_set_client = utf8mb4 */;
CREATE TABLE `評論` (
  `評論編號` int NOT NULL AUTO_INCREMENT,
  `商品編號` int NOT NULL,
  `使用者編號` int NOT NULL,
  `評分` int DEFAULT NULL,
  `評論內容` text,
  `建立時間` datetime DEFAULT CURRENT_TIMESTAMP,
  PRIMARY KEY (`評論編號`),
  KEY `商品編號` (`商品編號`),
  KEY `使用者編號` (`使用者編號`),
  CONSTRAINT `評論_ibfk_1` FOREIGN KEY (`商品編號`) REFERENCES `商品` (`商品編號`),
  CONSTRAINT `評論_ibfk_2` FOREIGN KEY (`使用者編號`) REFERENCES `使用者` (`使用者編號`),
  CONSTRAINT `評論_chk_1` CHECK (((`評分` >= 1) and (`評分` <= 5)))
) ENGINE=InnoDB AUTO_INCREMENT=6 DEFAULT CHARSET=utf8mb4 COLLATE=utf8mb4_0900_ai_ci;
/*!40101 SET character_set_client = @saved_cs_client */;

--
-- Dumping data for table `評論`
--

LOCK TABLES `評論` WRITE;
/*!40000 ALTER TABLE `評論` DISABLE KEYS */;
INSERT INTO `評論` VALUES (1,16,1,5,'質感很好，穿起來舒適','2025-10-04 17:00:00'),(2,17,2,4,'西裝褲合身，彈性佳','2025-10-04 17:05:00'),(3,18,3,3,'毛衣還可以，有點薄','2025-10-04 17:10:00'),(4,19,1,5,'外套質感一流','2025-10-04 17:15:00'),(5,20,4,2,'POLO衫顏色不太對','2025-10-04 17:20:00');
/*!40000 ALTER TABLE `評論` ENABLE KEYS */;
UNLOCK TABLES;

--
-- Table structure for table `購物車`
--

DROP TABLE IF EXISTS `購物車`;
/*!40101 SET @saved_cs_client     = @@character_set_client */;
/*!50503 SET character_set_client = utf8mb4 */;
CREATE TABLE `購物車` (
  `購物車編號` int NOT NULL AUTO_INCREMENT,
  `使用者編號` int NOT NULL,
  `商品編號` int NOT NULL,
  `商品大小` varchar(255) NOT NULL,
  `商品顏色` varchar(255) NOT NULL,
  `數量` int NOT NULL,
  `加入時間` datetime DEFAULT CURRENT_TIMESTAMP,
  PRIMARY KEY (`購物車編號`),
  KEY `使用者編號` (`使用者編號`),
  KEY `商品編號` (`商品編號`),
  CONSTRAINT `購物車_ibfk_1` FOREIGN KEY (`使用者編號`) REFERENCES `使用者` (`使用者編號`),
  CONSTRAINT `購物車_ibfk_2` FOREIGN KEY (`商品編號`) REFERENCES `商品` (`商品編號`)
) ENGINE=InnoDB AUTO_INCREMENT=23 DEFAULT CHARSET=utf8mb4 COLLATE=utf8mb4_0900_ai_ci;
/*!40101 SET character_set_client = @saved_cs_client */;

--
-- Dumping data for table `購物車`
--

LOCK TABLES `購物車` WRITE;
/*!40000 ALTER TABLE `購物車` DISABLE KEYS */;
INSERT INTO `購物車` VALUES (2,1,16,'XL','red',2,'2025-10-04 15:00:00'),(3,1,19,'XL','red',1,'2025-10-04 15:01:00'),(4,2,17,'XL','red',3,'2025-10-04 15:02:00'),(5,2,20,'XL','red',1,'2025-10-04 15:03:00'),(6,3,18,'XL','red',2,'2025-10-04 15:04:00'),(7,3,17,'XL','red',1,'2025-10-04 15:05:00'),(8,4,20,'XLL','blue',100,'2025-10-06 16:22:16'),(9,4,16,'XL','red',1,'2025-10-04 15:07:00'),(10,1,18,'XL','red',1,'2025-10-04 15:08:00'),(11,2,19,'XL','red',2,'2025-10-04 15:09:00'),(12,1,16,'XL','red',2,'2025-10-04 15:00:00'),(13,1,19,'XL','red',1,'2025-10-04 15:01:00'),(14,2,17,'XL','red',3,'2025-10-04 15:02:00'),(15,2,20,'XL','red',1,'2025-10-04 15:03:00'),(16,3,18,'XL','red',2,'2025-10-04 15:04:00'),(17,3,17,'XL','red',1,'2025-10-04 15:05:00'),(18,4,20,'XL','red',4,'2025-10-04 15:06:00'),(19,4,16,'XL','red',1,'2025-10-04 15:07:00'),(20,1,18,'XL','red',1,'2025-10-04 15:08:00'),(21,2,19,'XL','red',2,'2025-10-04 15:09:00');
/*!40000 ALTER TABLE `購物車` ENABLE KEYS */;
UNLOCK TABLES;
/*!40103 SET TIME_ZONE=@OLD_TIME_ZONE */;

/*!40101 SET SQL_MODE=@OLD_SQL_MODE */;
/*!40014 SET FOREIGN_KEY_CHECKS=@OLD_FOREIGN_KEY_CHECKS */;
/*!40014 SET UNIQUE_CHECKS=@OLD_UNIQUE_CHECKS */;
/*!40101 SET CHARACTER_SET_CLIENT=@OLD_CHARACTER_SET_CLIENT */;
/*!40101 SET CHARACTER_SET_RESULTS=@OLD_CHARACTER_SET_RESULTS */;
/*!40101 SET COLLATION_CONNECTION=@OLD_COLLATION_CONNECTION */;
/*!40111 SET SQL_NOTES=@OLD_SQL_NOTES */;

-- Dump completed on 2025-10-13 12:36:53
