-- MySQL dump 10.13  Distrib 8.0.43, for Win64 (x86_64)
--
-- Host: localhost    Database: shopping
-- ------------------------------------------------------
-- Server version	8.0.43

/*!40101 SET @OLD_CHARACTER_SET_CLIENT=@@CHARACTER_SET_CLIENT */;
/*!40101 SET @OLD_CHARACTER_SET_RESULTS=@@CHARACTER_SET_RESULTS */;
/*!40101 SET @OLD_COLLATION_CONNECTION=@@COLLATION_CONNECTION */;
/*!50503 SET NAMES utf8 */;
/*!40103 SET @OLD_TIME_ZONE=@@TIME_ZONE */;
/*!40103 SET TIME_ZONE='+00:00' */;
/*!40014 SET @OLD_UNIQUE_CHECKS=@@UNIQUE_CHECKS, UNIQUE_CHECKS=0 */;
/*!40014 SET @OLD_FOREIGN_KEY_CHECKS=@@FOREIGN_KEY_CHECKS, FOREIGN_KEY_CHECKS=0 */;
/*!40101 SET @OLD_SQL_MODE=@@SQL_MODE, SQL_MODE='NO_AUTO_VALUE_ON_ZERO' */;
/*!40111 SET @OLD_SQL_NOTES=@@SQL_NOTES, SQL_NOTES=0 */;

--
-- Table structure for table `使用者`
--

DROP TABLE IF EXISTS `使用者`;
/*!40101 SET @saved_cs_client     = @@character_set_client */;
/*!50503 SET character_set_client = utf8mb4 */;
CREATE TABLE `使用者` (
  `使用者編號` int NOT NULL AUTO_INCREMENT,
  `姓名` varchar(50) NOT NULL,
  `性別` varchar(50) NOT NULL,
  `年齡` varchar(50) NOT NULL,
  `地址` varchar(50) NOT NULL,
  `帳號` varchar(50) NOT NULL,
  `密碼` varchar(255) NOT NULL,
  `電子郵件` varchar(100) DEFAULT NULL,
  `建立時間` datetime DEFAULT CURRENT_TIMESTAMP,
  PRIMARY KEY (`使用者編號`),
  UNIQUE KEY `帳號` (`帳號`),
  UNIQUE KEY `UKddej2yntgnndtgrbobfckxtf7` (`帳號`),
  UNIQUE KEY `電子郵件` (`電子郵件`),
  UNIQUE KEY `UKh5wiu093xptxs4dxwoq1ip5h4` (`電子郵件`)
) ENGINE=InnoDB AUTO_INCREMENT=38 DEFAULT CHARSET=utf8mb4 COLLATE=utf8mb4_0900_ai_ci;
/*!40101 SET character_set_client = @saved_cs_client */;

--
-- Dumping data for table `使用者`
--

LOCK TABLES `使用者` WRITE;
/*!40000 ALTER TABLE `使用者` DISABLE KEYS */;
INSERT INTO `使用者` VALUES (1,'小明122222','女生','25','123','root','123','user1@example.com','2025-10-04 14:57:57'),(2,'小明100','男生','25','234','user2','123456','user2@example.com','2025-10-04 14:57:57'),(3,'小明3','男生','25','23','user3','123456','user3@example.com','2025-10-04 14:57:57'),(4,'小明3','男生','25','334','user4','123456','user4@example.com','2025-10-04 14:57:57'),(36,'111','女生','11','111','11','111','11@www','2025-10-16 15:49:42'),(37,'11','女生','111','11','111','11','11@jj','2025-10-16 15:56:51');
/*!40000 ALTER TABLE `使用者` ENABLE KEYS */;
UNLOCK TABLES;

--
-- Table structure for table `商品`
--

DROP TABLE IF EXISTS `商品`;
/*!40101 SET @saved_cs_client     = @@character_set_client */;
/*!50503 SET character_set_client = utf8mb4 */;
CREATE TABLE `商品` (
  `商品編號` int NOT NULL AUTO_INCREMENT,
  `上架者編號` int NOT NULL,
  `商品名稱` varchar(100) NOT NULL,
  `商品圖片` varchar(500) DEFAULT NULL,
  `商品描述` text,
  `顏色總類` varchar(100) NOT NULL,
  `尺寸總類` varchar(45) NOT NULL,
  `價格` decimal(10,0) NOT NULL,
  `庫存數量` int DEFAULT '0',
  `上架時間` datetime DEFAULT CURRENT_TIMESTAMP,
  PRIMARY KEY (`商品編號`),
  KEY `FKobs4lmqyxy0ixb4wske23vfkr` (`上架者編號`),
  CONSTRAINT `FKobs4lmqyxy0ixb4wske23vfkr` FOREIGN KEY (`上架者編號`) REFERENCES `使用者` (`使用者編號`)
) ENGINE=InnoDB AUTO_INCREMENT=1143 DEFAULT CHARSET=utf8mb4 COLLATE=utf8mb4_0900_ai_ci;
/*!40101 SET character_set_client = @saved_cs_client */;

--
-- Dumping data for table `商品`
--

LOCK TABLES `商品` WRITE;
/*!40000 ALTER TABLE `商品` DISABLE KEYS */;
INSERT INTO `商品` VALUES (16,1,'女裝- BEAVER 短袖上衣','女裝BEAVER 短袖上衣.jpg','短袖上衣以撞色結合經典LOGO印花，搭配反摺袖與不規則下襬巧思，展現輕盈俏皮感，是夏季不可或缺的元氣單品。','黑#000000,白#FFFFFF,粉紫#d27497,淺綠#90926F','XS,S,M,L',1584,0,'2025-10-04 14:58:00'),(17,2,'男裝-TAIWAN DAY','男裝TAIWAN DAY.jpg','此款短袖T恤正面低調點綴品牌LOGO，背面滿版插畫印花傳遞濃濃台灣風情，是日常出遊與文化穿搭的必備單品。','黑#000000,白#FFFFFF,灰#808080,藍#3030FF','S,M,L,XL',1824,19,'2025-10-04 14:58:00'),(18,3,'女裝- COOPER PLAID 短袖上衣','女裝COOPER PLAID短袖上衣.jpg','經典 T 恤LOGO換上格紋新裝！Cooper Plaid 短袖上衣以溫暖格紋設計煥新登場，純棉材質舒適百搭，是秋冬休閒造型的全新首選。','紅#FF0000,灰#808080,白#FFFFFF','XS,S,M,L',1680,30,'2025-10-04 14:58:00'),(19,1,'女裝- ORIGINAL 連帽上衣','女裝ORIGINAL連帽上衣.jpg','連帽上衣是衣櫥必備的百搭單品！採用有機棉及環保材質，胸前加入經典海狸LOGO，休閒舒適輕鬆應對日常各種搭配。','淺紫#c5bef9,粉紫#d27497,淺綠#90926F','XS,S,M,L',1540,20,'2025-10-04 14:58:00'),(20,4,'女裝- SIGNATURE CORD 夾克','女裝SIGNATURE CORD夾克.jpg','經典單品注入現代新意！Roots Signature 燈芯絨夾克以刺繡細節搭配微寬鬆、微短版版型，展現煥然一新的時尚風格，勢必成為你衣櫃中的全新百搭首選。','胡桃木#8A4D36,黑#000000,白#FFFFFF','S,M,L,XL',5580,44,'2025-10-04 14:58:00'),(843,1,'男裝-TAIWAN DAY ANIMAL 短袖上衣','男裝TAIWAN DAY ANIMAL短袖上衣.jpg','此款短袖T恤以柔軟親膚棉料打造舒適體感，結合台灣人氣動物與撞色印花，讓你在日常中展現文化識別感。','黑#000000,白#FFFFFF,灰#808080','S,M,L,XL',1664,28,'2025-10-13 12:03:30'),(844,2,'女裝- MODERN CLASSIC 連帽外套','女裝MODERN CLASSIC連帽外套.jpg','連帽外套以直條壓印發泡印刷打造層次感LOGO，前胸LOGO與背部楓葉標章設計相呼應，細節別緻，實穿不失風格。','淡灰藍#DADEDF,粉紫#d27497,黑#000000','XS,S,M,L',3264,32,'2025-10-13 12:03:30'),(845,3,'女裝- MODERN CLASSIC SLIM 棉褲','女裝MODERN CLASSIC SLIM棉褲.jpg','棉褲採鬆緊腰頭與窄管剪裁，舒適好穿，結合品牌LOGO與楓葉標章印花，俐落有型，輕鬆打造日常穿搭質感。','深藍#00008B,淺藍#ADD8E6,黑#000000','XS,S,M,L',2704,30,'2025-10-13 12:03:30'),(846,4,'中性-GF ROOTS MODERN CLASSIC 短袖上衣','中性GF MODERN CLASSIC短袖上衣.jpg','正面天鵝絨貼花細膩吸睛，背面結合印花與刺繡設計，層次豐富展現個性，讓你穿出休閒與態度兼具的獨特風格。','粉紫#d27497,白#FFFFFF,黑#000000','S,M,L,XL',3424,31,'2025-10-13 12:03:30'),(847,1,'中性-GF MODERN CLASSIC 連帽外套','中性GF MODERN CLASSIC連帽外套.jpg','連帽外套以天鵝絨貼花結合印花與刺繡詮釋設計巧思，搭配中性剪裁與柔軟質地。','紫#8B79B1,白#FFFFFF,深藍#00008B','S,M,L,XL',5580,25,'2025-10-13 12:03:30'),(1003,1,'女裝- BEAVER 短袖上衣','女裝BEAVER 短袖上衣.jpg','短袖上衣以撞色結合經典LOGO印花，搭配反摺袖與不規則下襬巧思，展現輕盈俏皮感，是夏季不可或缺的元氣單品。','黑#000000,白#FFFFFF,粉紫#d27497,淺綠#90926F','XS,S,M,L',1584,50,'2025-10-04 14:58:00'),(1004,2,'男裝-TAIWAN DAY','男裝TAIWAN DAY.jpg','此款短袖T恤正面低調點綴品牌LOGO，背面滿版插畫印花傳遞濃濃台灣風情，是日常出遊與文化穿搭的必備單品。','黑#000000,白#FFFFFF,灰#808080,藍#3030FF','S,M,L,XL',1824,40,'2025-10-04 14:58:00'),(1005,3,'女裝- COOPER PLAID 短袖上衣','女裝COOPER PLAID短袖上衣.jpg','經典 T 恤LOGO換上格紋新裝！Cooper Plaid 短袖上衣以溫暖格紋設計煥新登場，純棉材質舒適百搭，是秋冬休閒造型的全新首選。','紅#FF0000,灰#808080,白#FFFFFF','XS,S,M,L',1680,35,'2025-10-04 14:58:00'),(1006,1,'女裝- ORIGINAL 連帽上衣','女裝ORIGINAL連帽上衣.jpg','連帽上衣是衣櫥必備的百搭單品！採用有機棉及環保材質，胸前加入經典海狸LOGO，休閒舒適輕鬆應對日常各種搭配。','淺紫#c5bef9,粉紫#d27497,淺綠#90926F','XS,S,M,L',1540,20,'2025-10-04 14:58:00'),(1007,4,'女裝- SIGNATURE CORD 夾克','女裝SIGNATURE CORD夾克.jpg','經典單品注入現代新意！Roots Signature 燈芯絨夾克以刺繡細節搭配微寬鬆、微短版版型，展現煥然一新的時尚風格，勢必成為你衣櫃中的全新百搭首選。','胡桃木#8A4D36,黑#000000,白#FFFFFF','S,M,L,XL',5580,60,'2025-10-04 14:58:00'),(1008,1,'男裝-TAIWAN DAY ANIMAL 短袖上衣','男裝TAIWAN DAY ANIMAL短袖上衣.jpg','此款短袖T恤以柔軟親膚棉料打造舒適體感，結合台灣人氣動物與撞色印花，讓你在日常中展現文化識別感。','黑#000000,白#FFFFFF,灰#808080','S,M,L,XL',1664,28,'2025-10-13 12:03:30'),(1009,2,'女裝- MODERN CLASSIC 連帽外套','女裝MODERN CLASSIC連帽外套.jpg','連帽外套以直條壓印發泡印刷打造層次感LOGO，前胸LOGO與背部楓葉標章設計相呼應，細節別緻，實穿不失風格。','淡灰藍#DADEDF,粉紫#d27497,黑#000000','XS,S,M,L',3264,32,'2025-10-13 12:03:30'),(1010,3,'女裝- MODERN CLASSIC SLIM 棉褲','女裝MODERN CLASSIC SLIM棉褲.jpg','棉褲採鬆緊腰頭與窄管剪裁，舒適好穿，結合品牌LOGO與楓葉標章印花，俐落有型，輕鬆打造日常穿搭質感。','深藍#00008B,淺藍#ADD8E6,黑#000000','XS,S,M,L',2704,30,'2025-10-13 12:03:30'),(1011,4,'中性-GF ROOTS MODERN CLASSIC 短袖上衣','中性GF MODERN CLASSIC短袖上衣.jpg','正面天鵝絨貼花細膩吸睛，背面結合印花與刺繡設計，層次豐富展現個性，讓你穿出休閒與態度兼具的獨特風格。','粉紫#d27497,白#FFFFFF,黑#000000','S,M,L,XL',3424,31,'2025-10-13 12:03:30'),(1012,1,'中性-GF MODERN CLASSIC 連帽外套','中性GF MODERN CLASSIC連帽外套.jpg','連帽外套以天鵝絨貼花結合印花與刺繡詮釋設計巧思，搭配中性剪裁與柔軟質地。','紫#8B79B1,白#FFFFFF,深藍#00008B','S,M,L,XL',5580,26,'2025-10-13 12:03:30'),(1013,1,'女裝- BEAVER 短袖上衣','女裝BEAVER 短袖上衣.jpg','短袖上衣以撞色結合經典LOGO印花，搭配反摺袖與不規則下襬巧思，展現輕盈俏皮感，是夏季不可或缺的元氣單品。','黑#000000,白#FFFFFF,粉紫#d27497,淺綠#90926F','XS,S,M,L',1584,50,'2025-10-04 14:58:00'),(1014,2,'男裝-TAIWAN DAY','男裝TAIWAN DAY.jpg','此款短袖T恤正面低調點綴品牌LOGO，背面滿版插畫印花傳遞濃濃台灣風情，是日常出遊與文化穿搭的必備單品。','黑#000000,白#FFFFFF,灰#808080,藍#3030FF','S,M,L,XL',1824,40,'2025-10-04 14:58:00'),(1015,3,'女裝- COOPER PLAID 短袖上衣','女裝COOPER PLAID短袖上衣.jpg','經典 T 恤LOGO換上格紋新裝！Cooper Plaid 短袖上衣以溫暖格紋設計煥新登場，純棉材質舒適百搭，是秋冬休閒造型的全新首選。','紅#FF0000,灰#808080,白#FFFFFF','XS,S,M,L',1680,35,'2025-10-04 14:58:00'),(1016,1,'女裝- ORIGINAL 連帽上衣','女裝ORIGINAL連帽上衣.jpg','連帽上衣是衣櫥必備的百搭單品！採用有機棉及環保材質，胸前加入經典海狸LOGO，休閒舒適輕鬆應對日常各種搭配。','淺紫#c5bef9,粉紫#d27497,淺綠#90926F','XS,S,M,L',1540,20,'2025-10-04 14:58:00'),(1017,4,'女裝- SIGNATURE CORD 夾克','女裝SIGNATURE CORD夾克.jpg','經典單品注入現代新意！Roots Signature 燈芯絨夾克以刺繡細節搭配微寬鬆、微短版版型，展現煥然一新的時尚風格，勢必成為你衣櫃中的全新百搭首選。','胡桃木#8A4D36,黑#000000,白#FFFFFF','S,M,L,XL',5580,60,'2025-10-04 14:58:00'),(1018,1,'男裝-TAIWAN DAY ANIMAL 短袖上衣','男裝TAIWAN DAY ANIMAL短袖上衣.jpg','此款短袖T恤以柔軟親膚棉料打造舒適體感，結合台灣人氣動物與撞色印花，讓你在日常中展現文化識別感。','黑#000000,白#FFFFFF,灰#808080','S,M,L,XL',1664,28,'2025-10-13 12:03:30'),(1019,2,'女裝- MODERN CLASSIC 連帽外套','女裝MODERN CLASSIC連帽外套.jpg','連帽外套以直條壓印發泡印刷打造層次感LOGO，前胸LOGO與背部楓葉標章設計相呼應，細節別緻，實穿不失風格。','淡灰藍#DADEDF,粉紫#d27497,黑#000000','XS,S,M,L',3264,32,'2025-10-13 12:03:30'),(1020,3,'女裝- MODERN CLASSIC SLIM 棉褲','女裝MODERN CLASSIC SLIM棉褲.jpg','棉褲採鬆緊腰頭與窄管剪裁，舒適好穿，結合品牌LOGO與楓葉標章印花，俐落有型，輕鬆打造日常穿搭質感。','深藍#00008B,淺藍#ADD8E6,黑#000000','XS,S,M,L',2704,30,'2025-10-13 12:03:30'),(1021,4,'中性-GF ROOTS MODERN CLASSIC 短袖上衣','中性GF MODERN CLASSIC短袖上衣.jpg','正面天鵝絨貼花細膩吸睛，背面結合印花與刺繡設計，層次豐富展現個性，讓你穿出休閒與態度兼具的獨特風格。','粉紫#d27497,白#FFFFFF,黑#000000','S,M,L,XL',3424,31,'2025-10-13 12:03:30'),(1022,1,'中性-GF MODERN CLASSIC 連帽外套','中性GF MODERN CLASSIC連帽外套.jpg','連帽外套以天鵝絨貼花結合印花與刺繡詮釋設計巧思，搭配中性剪裁與柔軟質地。','紫色#8B79B1,白#FFFFFF,深藍#00008B','S,M,L,XL',5580,26,'2025-10-13 12:03:30'),(1023,1,'女裝- BEAVER 短袖上衣','女裝BEAVER 短袖上衣.jpg','短袖上衣以撞色結合經典LOGO印花，搭配反摺袖與不規則下襬巧思，展現輕盈俏皮感，是夏季不可或缺的元氣單品。','黑#000000,白#FFFFFF,粉紫#d27497,淺綠#90926F','XS,S,M,L',1584,50,'2025-10-04 14:58:00'),(1024,2,'男裝-TAIWAN DAY','男裝TAIWAN DAY.jpg','此款短袖T恤正面低調點綴品牌LOGO，背面滿版插畫印花傳遞濃濃台灣風情，是日常出遊與文化穿搭的必備單品。','黑#000000,白#FFFFFF,灰#808080,藍#3030FF','S,M,L,XL',1824,40,'2025-10-04 14:58:00'),(1025,3,'女裝- COOPER PLAID 短袖上衣','女裝COOPER PLAID短袖上衣.jpg','經典 T 恤LOGO換上格紋新裝！Cooper Plaid 短袖上衣以溫暖格紋設計煥新登場，純棉材質舒適百搭，是秋冬休閒造型的全新首選。','紅#FF0000,灰#808080,白#FFFFFF','XS,S,M,L',1680,35,'2025-10-04 14:58:00'),(1026,1,'女裝- ORIGINAL 連帽上衣','女裝ORIGINAL連帽上衣.jpg','連帽上衣是衣櫥必備的百搭單品！採用有機棉及環保材質，胸前加入經典海狸LOGO，休閒舒適輕鬆應對日常各種搭配。','淺紫#c5bef9,粉紫#d27497,淺綠#90926F','XS,S,M,L',1540,20,'2025-10-04 14:58:00'),(1027,4,'女裝- SIGNATURE CORD 夾克','女裝SIGNATURE CORD夾克.jpg','經典單品注入現代新意！Roots Signature 燈芯絨夾克以刺繡細節搭配微寬鬆、微短版版型，展現煥然一新的時尚風格，勢必成為你衣櫃中的全新百搭首選。','胡桃木#8A4D36,黑#000000,白#FFFFFF','S,M,L,XL',5580,60,'2025-10-04 14:58:00'),(1028,1,'男裝-TAIWAN DAY ANIMAL 短袖上衣','男裝TAIWAN DAY ANIMAL短袖上衣.jpg','此款短袖T恤以柔軟親膚棉料打造舒適體感，結合台灣人氣動物與撞色印花，讓你在日常中展現文化識別感。','黑#000000,白#FFFFFF,灰#808080','S,M,L,XL',1664,28,'2025-10-13 12:03:30'),(1029,2,'女裝- MODERN CLASSIC 連帽外套','女裝MODERN CLASSIC連帽外套.jpg','連帽外套以直條壓印發泡印刷打造層次感LOGO，前胸LOGO與背部楓葉標章設計相呼應，細節別緻，實穿不失風格。','淡灰藍#DADEDF,粉紫#d27497,黑#000000','XS,S,M,L',3264,32,'2025-10-13 12:03:30'),(1030,3,'女裝- MODERN CLASSIC SLIM 棉褲','女裝MODERN CLASSIC SLIM棉褲.jpg','棉褲採鬆緊腰頭與窄管剪裁，舒適好穿，結合品牌LOGO與楓葉標章印花，俐落有型，輕鬆打造日常穿搭質感。','深藍#00008B,淺藍#ADD8E6,黑#000000','XS,S,M,L',2704,30,'2025-10-13 12:03:30'),(1031,4,'中性-GF ROOTS MODERN CLASSIC 短袖上衣','中性GF MODERN CLASSIC短袖上衣.jpg','正面天鵝絨貼花細膩吸睛，背面結合印花與刺繡設計，層次豐富展現個性，讓你穿出休閒與態度兼具的獨特風格。','粉紫#d27497,白#FFFFFF,黑#000000','S,M,L,XL',3424,31,'2025-10-13 12:03:30'),(1032,1,'中性-GF MODERN CLASSIC 連帽外套','中性GF MODERN CLASSIC連帽外套.jpg','連帽外套以天鵝絨貼花結合印花與刺繡詮釋設計巧思，搭配中性剪裁與柔軟質地。','紫色#8B79B1,白#FFFFFF,深藍#00008B','S,M,L,XL',5580,26,'2025-10-13 12:03:30'),(1033,1,'女裝- BEAVER 短袖上衣','女裝BEAVER 短袖上衣.jpg','短袖上衣以撞色結合經典LOGO印花，搭配反摺袖與不規則下襬巧思，展現輕盈俏皮感，是夏季不可或缺的元氣單品。','黑#000000,白#FFFFFF,粉紫#d27497,淺綠#90926F','XS,S,M,L',1584,50,'2025-10-04 14:58:00'),(1034,2,'男裝-TAIWAN DAY','男裝TAIWAN DAY.jpg','此款短袖T恤正面低調點綴品牌LOGO，背面滿版插畫印花傳遞濃濃台灣風情，是日常出遊與文化穿搭的必備單品。','黑#000000,白#FFFFFF,灰#808080,藍#3030FF','S,M,L,XL',1824,40,'2025-10-04 14:58:00'),(1035,3,'女裝- COOPER PLAID 短袖上衣','女裝COOPER PLAID短袖上衣.jpg','經典 T 恤LOGO換上格紋新裝！Cooper Plaid 短袖上衣以溫暖格紋設計煥新登場，純棉材質舒適百搭，是秋冬休閒造型的全新首選。','紅#FF0000,灰#808080,白#FFFFFF','XS,S,M,L',1680,35,'2025-10-04 14:58:00'),(1036,1,'女裝- ORIGINAL 連帽上衣','女裝ORIGINAL連帽上衣.jpg','連帽上衣是衣櫥必備的百搭單品！採用有機棉及環保材質，胸前加入經典海狸LOGO，休閒舒適輕鬆應對日常各種搭配。','淺紫#c5bef9,粉紫#d27497,淺綠#90926F','XS,S,M,L',1540,20,'2025-10-04 14:58:00'),(1037,4,'女裝- SIGNATURE CORD 夾克','女裝SIGNATURE CORD夾克.jpg','經典單品注入現代新意！Roots Signature 燈芯絨夾克以刺繡細節搭配微寬鬆、微短版版型，展現煥然一新的時尚風格，勢必成為你衣櫃中的全新百搭首選。','胡桃木#8A4D36,黑#000000,白#FFFFFF','S,M,L,XL',5580,60,'2025-10-04 14:58:00'),(1038,1,'男裝-TAIWAN DAY ANIMAL 短袖上衣','男裝TAIWAN DAY ANIMAL短袖上衣.jpg','此款短袖T恤以柔軟親膚棉料打造舒適體感，結合台灣人氣動物與撞色印花，讓你在日常中展現文化識別感。','黑#000000,白#FFFFFF,灰#808080','S,M,L,XL',1664,28,'2025-10-13 12:03:30'),(1039,2,'女裝- MODERN CLASSIC 連帽外套','女裝MODERN CLASSIC連帽外套.jpg','連帽外套以直條壓印發泡印刷打造層次感LOGO，前胸LOGO與背部楓葉標章設計相呼應，細節別緻，實穿不失風格。','淡灰藍#DADEDF,粉紫#d27497,黑#000000','XS,S,M,L',3264,32,'2025-10-13 12:03:30'),(1040,3,'女裝- MODERN CLASSIC SLIM 棉褲','女裝MODERN CLASSIC SLIM棉褲.jpg','棉褲採鬆緊腰頭與窄管剪裁，舒適好穿，結合品牌LOGO與楓葉標章印花，俐落有型，輕鬆打造日常穿搭質感。','深藍#00008B,淺藍#ADD8E6,黑#000000','XS,S,M,L',2704,30,'2025-10-13 12:03:30'),(1041,4,'中性-GF ROOTS MODERN CLASSIC 短袖上衣','中性GF MODERN CLASSIC短袖上衣.jpg','正面天鵝絨貼花細膩吸睛，背面結合印花與刺繡設計，層次豐富展現個性，讓你穿出休閒與態度兼具的獨特風格。','粉紫#d27497,白#FFFFFF,黑#000000','S,M,L,XL',3424,31,'2025-10-13 12:03:30'),(1042,1,'中性-GF MODERN CLASSIC 連帽外套','中性GF MODERN CLASSIC連帽外套.jpg','連帽外套以天鵝絨貼花結合印花與刺繡詮釋設計巧思，搭配中性剪裁與柔軟質地。','紫色#8B79B1,白#FFFFFF,深藍#00008B','S,M,L,XL',5580,26,'2025-10-13 12:03:30'),(1043,1,'女裝- BEAVER 短袖上衣','女裝BEAVER 短袖上衣.jpg','短袖上衣以撞色結合經典LOGO印花，搭配反摺袖與不規則下襬巧思，展現輕盈俏皮感，是夏季不可或缺的元氣單品。','黑#000000,白#FFFFFF,粉紫#d27497,淺綠#90926F','XS,S,M,L',1584,50,'2025-10-04 14:58:00'),(1044,2,'男裝-TAIWAN DAY','男裝TAIWAN DAY.jpg','此款短袖T恤正面低調點綴品牌LOGO，背面滿版插畫印花傳遞濃濃台灣風情，是日常出遊與文化穿搭的必備單品。','黑#000000,白#FFFFFF,灰#808080,藍#3030FF','S,M,L,XL',1824,40,'2025-10-04 14:58:00'),(1045,3,'女裝- COOPER PLAID 短袖上衣','女裝COOPER PLAID短袖上衣.jpg','經典 T 恤LOGO換上格紋新裝！Cooper Plaid 短袖上衣以溫暖格紋設計煥新登場，純棉材質舒適百搭，是秋冬休閒造型的全新首選。','紅#FF0000,灰#808080,白#FFFFFF','XS,S,M,L',1680,35,'2025-10-04 14:58:00'),(1046,1,'女裝- ORIGINAL 連帽上衣','女裝ORIGINAL連帽上衣.jpg','連帽上衣是衣櫥必備的百搭單品！採用有機棉及環保材質，胸前加入經典海狸LOGO，休閒舒適輕鬆應對日常各種搭配。','淺紫#c5bef9,粉紫#d27497,淺綠#90926F','XS,S,M,L',1540,20,'2025-10-04 14:58:00'),(1047,4,'女裝- SIGNATURE CORD 夾克','女裝SIGNATURE CORD夾克.jpg','經典單品注入現代新意！Roots Signature 燈芯絨夾克以刺繡細節搭配微寬鬆、微短版版型，展現煥然一新的時尚風格，勢必成為你衣櫃中的全新百搭首選。','胡桃木#8A4D36,黑#000000,白#FFFFFF','S,M,L,XL',5580,60,'2025-10-04 14:58:00'),(1048,1,'男裝-TAIWAN DAY ANIMAL 短袖上衣','男裝TAIWAN DAY ANIMAL短袖上衣.jpg','此款短袖T恤以柔軟親膚棉料打造舒適體感，結合台灣人氣動物與撞色印花，讓你在日常中展現文化識別感。','黑#000000,白#FFFFFF,灰#808080','S,M,L,XL',1664,28,'2025-10-13 12:03:30'),(1049,2,'女裝- MODERN CLASSIC 連帽外套','女裝MODERN CLASSIC連帽外套.jpg','連帽外套以直條壓印發泡印刷打造層次感LOGO，前胸LOGO與背部楓葉標章設計相呼應，細節別緻，實穿不失風格。','淡灰藍#DADEDF,粉紫#d27497,黑#000000','XS,S,M,L',3264,32,'2025-10-13 12:03:30'),(1050,3,'女裝- MODERN CLASSIC SLIM 棉褲','女裝MODERN CLASSIC SLIM棉褲.jpg','棉褲採鬆緊腰頭與窄管剪裁，舒適好穿，結合品牌LOGO與楓葉標章印花，俐落有型，輕鬆打造日常穿搭質感。','深藍#00008B,淺藍#ADD8E6,黑#000000','XS,S,M,L',2704,30,'2025-10-13 12:03:30'),(1051,4,'中性-GF ROOTS MODERN CLASSIC 短袖上衣','中性GF MODERN CLASSIC短袖上衣.jpg','正面天鵝絨貼花細膩吸睛，背面結合印花與刺繡設計，層次豐富展現個性，讓你穿出休閒與態度兼具的獨特風格。','粉紫#d27497,白#FFFFFF,黑#000000','S,M,L,XL',3424,31,'2025-10-13 12:03:30'),(1052,1,'中性-GF MODERN CLASSIC 連帽外套','中性GF MODERN CLASSIC連帽外套.jpg','連帽外套以天鵝絨貼花結合印花與刺繡詮釋設計巧思，搭配中性剪裁與柔軟質地。','紫色#8B79B1,白#FFFFFF,深藍#00008B','S,M,L,XL',5580,26,'2025-10-13 12:03:30'),(1053,1,'女裝- BEAVER 短袖上衣','女裝BEAVER 短袖上衣.jpg','短袖上衣以撞色結合經典LOGO印花，搭配反摺袖與不規則下襬巧思，展現輕盈俏皮感，是夏季不可或缺的元氣單品。','黑#000000,白#FFFFFF,粉紫#d27497,淺綠#90926F','XS,S,M,L',1584,50,'2025-10-04 14:58:00'),(1054,2,'男裝-TAIWAN DAY','男裝TAIWAN DAY.jpg','此款短袖T恤正面低調點綴品牌LOGO，背面滿版插畫印花傳遞濃濃台灣風情，是日常出遊與文化穿搭的必備單品。','黑#000000,白#FFFFFF,灰#808080,藍#3030FF','S,M,L,XL',1824,40,'2025-10-04 14:58:00'),(1055,3,'女裝- COOPER PLAID 短袖上衣','女裝COOPER PLAID短袖上衣.jpg','經典 T 恤LOGO換上格紋新裝！Cooper Plaid 短袖上衣以溫暖格紋設計煥新登場，純棉材質舒適百搭，是秋冬休閒造型的全新首選。','紅#FF0000,灰#808080,白#FFFFFF','XS,S,M,L',1680,35,'2025-10-04 14:58:00'),(1056,1,'女裝- ORIGINAL 連帽上衣','女裝ORIGINAL連帽上衣.jpg','連帽上衣是衣櫥必備的百搭單品！採用有機棉及環保材質，胸前加入經典海狸LOGO，休閒舒適輕鬆應對日常各種搭配。','淺紫#c5bef9,粉紫#d27497,淺綠#90926F','XS,S,M,L',1540,20,'2025-10-04 14:58:00'),(1057,4,'女裝- SIGNATURE CORD 夾克','女裝SIGNATURE CORD夾克.jpg','經典單品注入現代新意！Roots Signature 燈芯絨夾克以刺繡細節搭配微寬鬆、微短版版型，展現煥然一新的時尚風格，勢必成為你衣櫃中的全新百搭首選。','胡桃木#8A4D36,黑#000000,白#FFFFFF','S,M,L,XL',5580,60,'2025-10-04 14:58:00'),(1058,1,'男裝-TAIWAN DAY ANIMAL 短袖上衣','男裝TAIWAN DAY ANIMAL短袖上衣.jpg','此款短袖T恤以柔軟親膚棉料打造舒適體感，結合台灣人氣動物與撞色印花，讓你在日常中展現文化識別感。','黑#000000,白#FFFFFF,灰#808080','S,M,L,XL',1664,28,'2025-10-13 12:03:30'),(1059,2,'女裝- MODERN CLASSIC 連帽外套','女裝MODERN CLASSIC連帽外套.jpg','連帽外套以直條壓印發泡印刷打造層次感LOGO，前胸LOGO與背部楓葉標章設計相呼應，細節別緻，實穿不失風格。','淡灰藍#DADEDF,粉紫#d27497,黑#000000','XS,S,M,L',3264,32,'2025-10-13 12:03:30'),(1060,3,'女裝- MODERN CLASSIC SLIM 棉褲','女裝MODERN CLASSIC SLIM棉褲.jpg','棉褲採鬆緊腰頭與窄管剪裁，舒適好穿，結合品牌LOGO與楓葉標章印花，俐落有型，輕鬆打造日常穿搭質感。','深藍#00008B,淺藍#ADD8E6,黑#000000','XS,S,M,L',2704,30,'2025-10-13 12:03:30'),(1061,4,'中性-GF ROOTS MODERN CLASSIC 短袖上衣','中性GF MODERN CLASSIC短袖上衣.jpg','正面天鵝絨貼花細膩吸睛，背面結合印花與刺繡設計，層次豐富展現個性，讓你穿出休閒與態度兼具的獨特風格。','粉紫#d27497,白#FFFFFF,黑#000000','S,M,L,XL',3424,31,'2025-10-13 12:03:30'),(1062,1,'中性-GF MODERN CLASSIC 連帽外套','中性GF MODERN CLASSIC連帽外套.jpg','連帽外套以天鵝絨貼花結合印花與刺繡詮釋設計巧思，搭配中性剪裁與柔軟質地。','紫色#8B79B1,白#FFFFFF,深藍#00008B','S,M,L,XL',5580,26,'2025-10-13 12:03:30'),(1063,1,'女裝- BEAVER 短袖上衣','女裝BEAVER 短袖上衣.jpg','短袖上衣以撞色結合經典LOGO印花，搭配反摺袖與不規則下襬巧思，展現輕盈俏皮感，是夏季不可或缺的元氣單品。','黑#000000,白#FFFFFF,粉紫#d27497,淺綠#90926F','XS,S,M,L',1584,50,'2025-10-04 14:58:00'),(1064,2,'男裝-TAIWAN DAY','男裝TAIWAN DAY.jpg','此款短袖T恤正面低調點綴品牌LOGO，背面滿版插畫印花傳遞濃濃台灣風情，是日常出遊與文化穿搭的必備單品。','黑#000000,白#FFFFFF,灰#808080,藍#3030FF','S,M,L,XL',1824,40,'2025-10-04 14:58:00'),(1065,3,'女裝- COOPER PLAID 短袖上衣','女裝COOPER PLAID短袖上衣.jpg','經典 T 恤LOGO換上格紋新裝！Cooper Plaid 短袖上衣以溫暖格紋設計煥新登場，純棉材質舒適百搭，是秋冬休閒造型的全新首選。','紅#FF0000,灰#808080,白#FFFFFF','XS,S,M,L',1680,35,'2025-10-04 14:58:00'),(1066,1,'女裝- ORIGINAL 連帽上衣','女裝ORIGINAL連帽上衣.jpg','連帽上衣是衣櫥必備的百搭單品！採用有機棉及環保材質，胸前加入經典海狸LOGO，休閒舒適輕鬆應對日常各種搭配。','淺紫#c5bef9,粉紫#d27497,淺綠#90926F','XS,S,M,L',1540,20,'2025-10-04 14:58:00'),(1067,4,'女裝- SIGNATURE CORD 夾克','女裝SIGNATURE CORD夾克.jpg','經典單品注入現代新意！Roots Signature 燈芯絨夾克以刺繡細節搭配微寬鬆、微短版版型，展現煥然一新的時尚風格，勢必成為你衣櫃中的全新百搭首選。','胡桃木#8A4D36,黑#000000,白#FFFFFF','S,M,L,XL',5580,60,'2025-10-04 14:58:00'),(1068,1,'男裝-TAIWAN DAY ANIMAL 短袖上衣','男裝TAIWAN DAY ANIMAL短袖上衣.jpg','此款短袖T恤以柔軟親膚棉料打造舒適體感，結合台灣人氣動物與撞色印花，讓你在日常中展現文化識別感。','黑#000000,白#FFFFFF,灰#808080','S,M,L,XL',1664,28,'2025-10-13 12:03:30'),(1069,2,'女裝- MODERN CLASSIC 連帽外套','女裝MODERN CLASSIC連帽外套.jpg','連帽外套以直條壓印發泡印刷打造層次感LOGO，前胸LOGO與背部楓葉標章設計相呼應，細節別緻，實穿不失風格。','淡灰藍#DADEDF,粉紫#d27497,黑#000000','XS,S,M,L',3264,32,'2025-10-13 12:03:30'),(1070,3,'女裝- MODERN CLASSIC SLIM 棉褲','女裝MODERN CLASSIC SLIM棉褲.jpg','棉褲採鬆緊腰頭與窄管剪裁，舒適好穿，結合品牌LOGO與楓葉標章印花，俐落有型，輕鬆打造日常穿搭質感。','深藍#00008B,淺藍#ADD8E6,黑#000000','XS,S,M,L',2704,30,'2025-10-13 12:03:30'),(1071,4,'中性-GF ROOTS MODERN CLASSIC 短袖上衣','中性GF MODERN CLASSIC短袖上衣.jpg','正面天鵝絨貼花細膩吸睛，背面結合印花與刺繡設計，層次豐富展現個性，讓你穿出休閒與態度兼具的獨特風格。','粉紫#d27497,白#FFFFFF,黑#000000','S,M,L,XL',3424,31,'2025-10-13 12:03:30'),(1072,1,'中性-GF MODERN CLASSIC 連帽外套','中性GF MODERN CLASSIC連帽外套.jpg','連帽外套以天鵝絨貼花結合印花與刺繡詮釋設計巧思，搭配中性剪裁與柔軟質地。','紫色#8B79B1,白#FFFFFF,深藍#00008B','S,M,L,XL',5580,26,'2025-10-13 12:03:30'),(1073,1,'女裝- BEAVER 短袖上衣','女裝BEAVER 短袖上衣.jpg','短袖上衣以撞色結合經典LOGO印花，搭配反摺袖與不規則下襬巧思，展現輕盈俏皮感，是夏季不可或缺的元氣單品。','黑#000000,白#FFFFFF,粉紫#d27497,淺綠#90926F','XS,S,M,L',1584,50,'2025-10-04 14:58:00'),(1074,2,'男裝-TAIWAN DAY','男裝TAIWAN DAY.jpg','此款短袖T恤正面低調點綴品牌LOGO，背面滿版插畫印花傳遞濃濃台灣風情，是日常出遊與文化穿搭的必備單品。','黑#000000,白#FFFFFF,灰#808080,藍#3030FF','S,M,L,XL',1824,40,'2025-10-04 14:58:00'),(1075,3,'女裝- COOPER PLAID 短袖上衣','女裝COOPER PLAID短袖上衣.jpg','經典 T 恤LOGO換上格紋新裝！Cooper Plaid 短袖上衣以溫暖格紋設計煥新登場，純棉材質舒適百搭，是秋冬休閒造型的全新首選。','紅#FF0000,灰#808080,白#FFFFFF','XS,S,M,L',1680,35,'2025-10-04 14:58:00'),(1076,1,'女裝- ORIGINAL 連帽上衣','女裝ORIGINAL連帽上衣.jpg','連帽上衣是衣櫥必備的百搭單品！採用有機棉及環保材質，胸前加入經典海狸LOGO，休閒舒適輕鬆應對日常各種搭配。','淺紫#c5bef9,粉紫#d27497,淺綠#90926F','XS,S,M,L',1540,20,'2025-10-04 14:58:00'),(1077,4,'女裝- SIGNATURE CORD 夾克','女裝SIGNATURE CORD夾克.jpg','經典單品注入現代新意！Roots Signature 燈芯絨夾克以刺繡細節搭配微寬鬆、微短版版型，展現煥然一新的時尚風格，勢必成為你衣櫃中的全新百搭首選。','胡桃木#8A4D36,黑#000000,白#FFFFFF','S,M,L,XL',5580,60,'2025-10-04 14:58:00'),(1078,1,'男裝-TAIWAN DAY ANIMAL 短袖上衣','男裝TAIWAN DAY ANIMAL短袖上衣.jpg','此款短袖T恤以柔軟親膚棉料打造舒適體感，結合台灣人氣動物與撞色印花，讓你在日常中展現文化識別感。','黑#000000,白#FFFFFF,灰#808080','S,M,L,XL',1664,28,'2025-10-13 12:03:30'),(1079,2,'女裝- MODERN CLASSIC 連帽外套','女裝MODERN CLASSIC連帽外套.jpg','連帽外套以直條壓印發泡印刷打造層次感LOGO，前胸LOGO與背部楓葉標章設計相呼應，細節別緻，實穿不失風格。','淡灰藍#DADEDF,粉紫#d27497,黑#000000','XS,S,M,L',3264,32,'2025-10-13 12:03:30'),(1080,3,'女裝- MODERN CLASSIC SLIM 棉褲','女裝MODERN CLASSIC SLIM棉褲.jpg','棉褲採鬆緊腰頭與窄管剪裁，舒適好穿，結合品牌LOGO與楓葉標章印花，俐落有型，輕鬆打造日常穿搭質感。','深藍#00008B,淺藍#ADD8E6,黑#000000','XS,S,M,L',2704,30,'2025-10-13 12:03:30'),(1081,4,'中性-GF ROOTS MODERN CLASSIC 短袖上衣','中性GF MODERN CLASSIC短袖上衣.jpg','正面天鵝絨貼花細膩吸睛，背面結合印花與刺繡設計，層次豐富展現個性，讓你穿出休閒與態度兼具的獨特風格。','粉紫#d27497,白#FFFFFF,黑#000000','S,M,L,XL',3424,31,'2025-10-13 12:03:30'),(1082,1,'中性-GF MODERN CLASSIC 連帽外套','中性GF MODERN CLASSIC連帽外套.jpg','連帽外套以天鵝絨貼花結合印花與刺繡詮釋設計巧思，搭配中性剪裁與柔軟質地。','紫色#8B79B1,白#FFFFFF,深藍#00008B','S,M,L,XL',5580,26,'2025-10-13 12:03:30'),(1083,1,'女裝- BEAVER 短袖上衣','女裝BEAVER 短袖上衣.jpg','短袖上衣以撞色結合經典LOGO印花，搭配反摺袖與不規則下襬巧思，展現輕盈俏皮感，是夏季不可或缺的元氣單品。','黑#000000,白#FFFFFF,粉紫#d27497,淺綠#90926F','XS,S,M,L',1584,50,'2025-10-04 14:58:00'),(1084,2,'男裝-TAIWAN DAY','男裝TAIWAN DAY.jpg','此款短袖T恤正面低調點綴品牌LOGO，背面滿版插畫印花傳遞濃濃台灣風情，是日常出遊與文化穿搭的必備單品。','黑#000000,白#FFFFFF,灰#808080,藍#3030FF','S,M,L,XL',1824,40,'2025-10-04 14:58:00'),(1085,3,'女裝- COOPER PLAID 短袖上衣','女裝COOPER PLAID短袖上衣.jpg','經典 T 恤LOGO換上格紋新裝！Cooper Plaid 短袖上衣以溫暖格紋設計煥新登場，純棉材質舒適百搭，是秋冬休閒造型的全新首選。','紅#FF0000,灰#808080,白#FFFFFF','XS,S,M,L',1680,35,'2025-10-04 14:58:00'),(1086,1,'女裝- ORIGINAL 連帽上衣','女裝ORIGINAL連帽上衣.jpg','連帽上衣是衣櫥必備的百搭單品！採用有機棉及環保材質，胸前加入經典海狸LOGO，休閒舒適輕鬆應對日常各種搭配。','淺紫#c5bef9,粉紫#d27497,淺綠#90926F','XS,S,M,L',1540,20,'2025-10-04 14:58:00'),(1087,4,'女裝- SIGNATURE CORD 夾克','女裝SIGNATURE CORD夾克.jpg','經典單品注入現代新意！Roots Signature 燈芯絨夾克以刺繡細節搭配微寬鬆、微短版版型，展現煥然一新的時尚風格，勢必成為你衣櫃中的全新百搭首選。','胡桃木#8A4D36,黑#000000,白#FFFFFF','S,M,L,XL',5580,60,'2025-10-04 14:58:00'),(1088,1,'男裝-TAIWAN DAY ANIMAL 短袖上衣','男裝TAIWAN DAY ANIMAL短袖上衣.jpg','此款短袖T恤以柔軟親膚棉料打造舒適體感，結合台灣人氣動物與撞色印花，讓你在日常中展現文化識別感。','黑#000000,白#FFFFFF,灰#808080','S,M,L,XL',1664,28,'2025-10-13 12:03:30'),(1089,2,'女裝- MODERN CLASSIC 連帽外套','女裝MODERN CLASSIC連帽外套.jpg','連帽外套以直條壓印發泡印刷打造層次感LOGO，前胸LOGO與背部楓葉標章設計相呼應，細節別緻，實穿不失風格。','淡灰藍#DADEDF,粉紫#d27497,黑#000000','XS,S,M,L',3264,32,'2025-10-13 12:03:30'),(1090,3,'女裝- MODERN CLASSIC SLIM 棉褲','女裝MODERN CLASSIC SLIM棉褲.jpg','棉褲採鬆緊腰頭與窄管剪裁，舒適好穿，結合品牌LOGO與楓葉標章印花，俐落有型，輕鬆打造日常穿搭質感。','深藍#00008B,淺藍#ADD8E6,黑#000000','XS,S,M,L',2704,30,'2025-10-13 12:03:30'),(1091,4,'中性-GF ROOTS MODERN CLASSIC 短袖上衣','中性GF MODERN CLASSIC短袖上衣.jpg','正面天鵝絨貼花細膩吸睛，背面結合印花與刺繡設計，層次豐富展現個性，讓你穿出休閒與態度兼具的獨特風格。','粉紫#d27497,白#FFFFFF,黑#000000','S,M,L,XL',3424,31,'2025-10-13 12:03:30'),(1092,1,'中性-GF MODERN CLASSIC 連帽外套','中性GF MODERN CLASSIC連帽外套.jpg','連帽外套以天鵝絨貼花結合印花與刺繡詮釋設計巧思，搭配中性剪裁與柔軟質地。','紫色#8B79B1,白#FFFFFF,深藍#00008B','S,M,L,XL',5580,26,'2025-10-13 12:03:30'),(1093,1,'女裝- BEAVER 短袖上衣','女裝BEAVER 短袖上衣.jpg','短袖上衣以撞色結合經典LOGO印花，搭配反摺袖與不規則下襬巧思，展現輕盈俏皮感，是夏季不可或缺的元氣單品。','黑#000000,白#FFFFFF,粉紫#d27497,淺綠#90926F','XS,S,M,L',1584,50,'2025-10-04 14:58:00'),(1094,2,'男裝-TAIWAN DAY','男裝TAIWAN DAY.jpg','此款短袖T恤正面低調點綴品牌LOGO，背面滿版插畫印花傳遞濃濃台灣風情，是日常出遊與文化穿搭的必備單品。','黑#000000,白#FFFFFF,灰#808080,藍#3030FF','S,M,L,XL',1824,40,'2025-10-04 14:58:00'),(1095,3,'女裝- COOPER PLAID 短袖上衣','女裝COOPER PLAID短袖上衣.jpg','經典 T 恤LOGO換上格紋新裝！Cooper Plaid 短袖上衣以溫暖格紋設計煥新登場，純棉材質舒適百搭，是秋冬休閒造型的全新首選。','紅#FF0000,灰#808080,白#FFFFFF','XS,S,M,L',1680,35,'2025-10-04 14:58:00'),(1096,1,'女裝- ORIGINAL 連帽上衣','女裝ORIGINAL連帽上衣.jpg','連帽上衣是衣櫥必備的百搭單品！採用有機棉及環保材質，胸前加入經典海狸LOGO，休閒舒適輕鬆應對日常各種搭配。','淺紫#c5bef9,粉紫#d27497,淺綠#90926F','XS,S,M,L',1540,20,'2025-10-04 14:58:00'),(1097,4,'女裝- SIGNATURE CORD 夾克','女裝SIGNATURE CORD夾克.jpg','經典單品注入現代新意！Roots Signature 燈芯絨夾克以刺繡細節搭配微寬鬆、微短版版型，展現煥然一新的時尚風格，勢必成為你衣櫃中的全新百搭首選。','胡桃木#8A4D36,黑#000000,白#FFFFFF','S,M,L,XL',5580,60,'2025-10-04 14:58:00'),(1098,1,'男裝-TAIWAN DAY ANIMAL 短袖上衣','男裝TAIWAN DAY ANIMAL短袖上衣.jpg','此款短袖T恤以柔軟親膚棉料打造舒適體感，結合台灣人氣動物與撞色印花，讓你在日常中展現文化識別感。','黑#000000,白#FFFFFF,灰#808080','S,M,L,XL',1664,28,'2025-10-13 12:03:30'),(1099,2,'女裝- MODERN CLASSIC 連帽外套','女裝MODERN CLASSIC連帽外套.jpg','連帽外套以直條壓印發泡印刷打造層次感LOGO，前胸LOGO與背部楓葉標章設計相呼應，細節別緻，實穿不失風格。','淡灰藍#DADEDF,粉紫#d27497,黑#000000','XS,S,M,L',3264,32,'2025-10-13 12:03:30'),(1100,3,'女裝- MODERN CLASSIC SLIM 棉褲','女裝MODERN CLASSIC SLIM棉褲.jpg','棉褲採鬆緊腰頭與窄管剪裁，舒適好穿，結合品牌LOGO與楓葉標章印花，俐落有型，輕鬆打造日常穿搭質感。','深藍#00008B,淺藍#ADD8E6,黑#000000','XS,S,M,L',2704,30,'2025-10-13 12:03:30'),(1101,4,'中性-GF ROOTS MODERN CLASSIC 短袖上衣','中性GF MODERN CLASSIC短袖上衣.jpg','正面天鵝絨貼花細膩吸睛，背面結合印花與刺繡設計，層次豐富展現個性，讓你穿出休閒與態度兼具的獨特風格。','粉紫#d27497,白#FFFFFF,黑#000000','S,M,L,XL',3424,31,'2025-10-13 12:03:30'),(1102,1,'中性-GF MODERN CLASSIC 連帽外套','中性GF MODERN CLASSIC連帽外套.jpg','連帽外套以天鵝絨貼花結合印花與刺繡詮釋設計巧思，搭配中性剪裁與柔軟質地。','紫色#8B79B1,白#FFFFFF,深藍#00008B','S,M,L,XL',5580,26,'2025-10-13 12:03:30'),(1103,1,'女裝- BEAVER 短袖上衣','女裝BEAVER 短袖上衣.jpg','短袖上衣以撞色結合經典LOGO印花，搭配反摺袖與不規則下襬巧思，展現輕盈俏皮感，是夏季不可或缺的元氣單品。','黑#000000,白#FFFFFF,粉紫#d27497,淺綠#90926F','XS,S,M,L',1584,50,'2025-10-04 14:58:00'),(1104,2,'男裝-TAIWAN DAY','男裝TAIWAN DAY.jpg','此款短袖T恤正面低調點綴品牌LOGO，背面滿版插畫印花傳遞濃濃台灣風情，是日常出遊與文化穿搭的必備單品。','黑#000000,白#FFFFFF,灰#808080,藍#3030FF','S,M,L,XL',1824,40,'2025-10-04 14:58:00'),(1105,3,'女裝- COOPER PLAID 短袖上衣','女裝COOPER PLAID短袖上衣.jpg','經典 T 恤LOGO換上格紋新裝！Cooper Plaid 短袖上衣以溫暖格紋設計煥新登場，純棉材質舒適百搭，是秋冬休閒造型的全新首選。','紅#FF0000,灰#808080,白#FFFFFF','XS,S,M,L',1680,35,'2025-10-04 14:58:00'),(1106,1,'女裝- ORIGINAL 連帽上衣','女裝ORIGINAL連帽上衣.jpg','連帽上衣是衣櫥必備的百搭單品！採用有機棉及環保材質，胸前加入經典海狸LOGO，休閒舒適輕鬆應對日常各種搭配。','淺紫#c5bef9,粉紫#d27497,淺綠#90926F','XS,S,M,L',1540,20,'2025-10-04 14:58:00'),(1107,4,'女裝- SIGNATURE CORD 夾克','女裝SIGNATURE CORD夾克.jpg','經典單品注入現代新意！Roots Signature 燈芯絨夾克以刺繡細節搭配微寬鬆、微短版版型，展現煥然一新的時尚風格，勢必成為你衣櫃中的全新百搭首選。','胡桃木#8A4D36,黑#000000,白#FFFFFF','S,M,L,XL',5580,60,'2025-10-04 14:58:00'),(1108,1,'男裝-TAIWAN DAY ANIMAL 短袖上衣','男裝TAIWAN DAY ANIMAL短袖上衣.jpg','此款短袖T恤以柔軟親膚棉料打造舒適體感，結合台灣人氣動物與撞色印花，讓你在日常中展現文化識別感。','黑#000000,白#FFFFFF,灰#808080','S,M,L,XL',1664,28,'2025-10-13 12:03:30'),(1109,2,'女裝- MODERN CLASSIC 連帽外套','女裝MODERN CLASSIC連帽外套.jpg','連帽外套以直條壓印發泡印刷打造層次感LOGO，前胸LOGO與背部楓葉標章設計相呼應，細節別緻，實穿不失風格。','淡灰藍#DADEDF,粉紫#d27497,黑#000000','XS,S,M,L',3264,32,'2025-10-13 12:03:30'),(1110,3,'女裝- MODERN CLASSIC SLIM 棉褲','女裝MODERN CLASSIC SLIM棉褲.jpg','棉褲採鬆緊腰頭與窄管剪裁，舒適好穿，結合品牌LOGO與楓葉標章印花，俐落有型，輕鬆打造日常穿搭質感。','深藍#00008B,淺藍#ADD8E6,黑#000000','XS,S,M,L',2704,30,'2025-10-13 12:03:30'),(1111,4,'中性-GF ROOTS MODERN CLASSIC 短袖上衣','中性GF MODERN CLASSIC短袖上衣.jpg','正面天鵝絨貼花細膩吸睛，背面結合印花與刺繡設計，層次豐富展現個性，讓你穿出休閒與態度兼具的獨特風格。','粉紫#d27497,白#FFFFFF,黑#000000','S,M,L,XL',3424,31,'2025-10-13 12:03:30'),(1112,1,'中性-GF MODERN CLASSIC 連帽外套','中性GF MODERN CLASSIC連帽外套.jpg','連帽外套以天鵝絨貼花結合印花與刺繡詮釋設計巧思，搭配中性剪裁與柔軟質地。','紫色#8B79B1,白#FFFFFF,深藍#00008B','S,M,L,XL',5580,26,'2025-10-13 12:03:30'),(1113,1,'女裝- BEAVER 短袖上衣','女裝BEAVER 短袖上衣.jpg','短袖上衣以撞色結合經典LOGO印花，搭配反摺袖與不規則下襬巧思，展現輕盈俏皮感，是夏季不可或缺的元氣單品。','黑#000000,白#FFFFFF,粉紫#d27497,淺綠#90926F','XS,S,M,L',1584,50,'2025-10-04 14:58:00'),(1114,2,'男裝-TAIWAN DAY','男裝TAIWAN DAY.jpg','此款短袖T恤正面低調點綴品牌LOGO，背面滿版插畫印花傳遞濃濃台灣風情，是日常出遊與文化穿搭的必備單品。','黑#000000,白#FFFFFF,灰#808080,藍#3030FF','S,M,L,XL',1824,40,'2025-10-04 14:58:00'),(1115,3,'女裝- COOPER PLAID 短袖上衣','女裝COOPER PLAID短袖上衣.jpg','經典 T 恤LOGO換上格紋新裝！Cooper Plaid 短袖上衣以溫暖格紋設計煥新登場，純棉材質舒適百搭，是秋冬休閒造型的全新首選。','紅#FF0000,灰#808080,白#FFFFFF','XS,S,M,L',1680,35,'2025-10-04 14:58:00'),(1116,1,'女裝- ORIGINAL 連帽上衣','女裝ORIGINAL連帽上衣.jpg','連帽上衣是衣櫥必備的百搭單品！採用有機棉及環保材質，胸前加入經典海狸LOGO，休閒舒適輕鬆應對日常各種搭配。','淺紫#c5bef9,粉紫#d27497,淺綠#90926F','XS,S,M,L',1540,20,'2025-10-04 14:58:00'),(1117,4,'女裝- SIGNATURE CORD 夾克','女裝SIGNATURE CORD夾克.jpg','經典單品注入現代新意！Roots Signature 燈芯絨夾克以刺繡細節搭配微寬鬆、微短版版型，展現煥然一新的時尚風格，勢必成為你衣櫃中的全新百搭首選。','胡桃木#8A4D36,黑#000000,白#FFFFFF','S,M,L,XL',5580,60,'2025-10-04 14:58:00'),(1118,1,'男裝-TAIWAN DAY ANIMAL 短袖上衣','男裝TAIWAN DAY ANIMAL短袖上衣.jpg','此款短袖T恤以柔軟親膚棉料打造舒適體感，結合台灣人氣動物與撞色印花，讓你在日常中展現文化識別感。','黑#000000,白#FFFFFF,灰#808080','S,M,L,XL',1664,28,'2025-10-13 12:03:30'),(1119,2,'女裝- MODERN CLASSIC 連帽外套','女裝MODERN CLASSIC連帽外套.jpg','連帽外套以直條壓印發泡印刷打造層次感LOGO，前胸LOGO與背部楓葉標章設計相呼應，細節別緻，實穿不失風格。','淡灰藍#DADEDF,粉紫#d27497,黑#000000','XS,S,M,L',3264,32,'2025-10-13 12:03:30'),(1120,3,'女裝- MODERN CLASSIC SLIM 棉褲','女裝MODERN CLASSIC SLIM棉褲.jpg','棉褲採鬆緊腰頭與窄管剪裁，舒適好穿，結合品牌LOGO與楓葉標章印花，俐落有型，輕鬆打造日常穿搭質感。','深藍#00008B,淺藍#ADD8E6,黑#000000','XS,S,M,L',2704,30,'2025-10-13 12:03:30'),(1121,4,'中性-GF ROOTS MODERN CLASSIC 短袖上衣','中性GF MODERN CLASSIC短袖上衣.jpg','正面天鵝絨貼花細膩吸睛，背面結合印花與刺繡設計，層次豐富展現個性，讓你穿出休閒與態度兼具的獨特風格。','粉紫#d27497,白#FFFFFF,黑#000000','S,M,L,XL',3424,31,'2025-10-13 12:03:30'),(1122,1,'中性-GF MODERN CLASSIC 連帽外套','中性GF MODERN CLASSIC連帽外套.jpg','連帽外套以天鵝絨貼花結合印花與刺繡詮釋設計巧思，搭配中性剪裁與柔軟質地。','紫色#8B79B1,白#FFFFFF,深藍#00008B','S,M,L,XL',5580,26,'2025-10-13 12:03:30'),(1123,1,'女裝- BEAVER 短袖上衣','女裝BEAVER 短袖上衣.jpg','短袖上衣以撞色結合經典LOGO印花，搭配反摺袖與不規則下襬巧思，展現輕盈俏皮感，是夏季不可或缺的元氣單品。','黑#000000,白#FFFFFF,粉紫#d27497,淺綠#90926F','XS,S,M,L',1584,50,'2025-10-04 14:58:00'),(1124,2,'男裝-TAIWAN DAY','男裝TAIWAN DAY.jpg','此款短袖T恤正面低調點綴品牌LOGO，背面滿版插畫印花傳遞濃濃台灣風情，是日常出遊與文化穿搭的必備單品。','黑#000000,白#FFFFFF,灰#808080,藍#3030FF','S,M,L,XL',1824,40,'2025-10-04 14:58:00'),(1125,3,'女裝- COOPER PLAID 短袖上衣','女裝COOPER PLAID短袖上衣.jpg','經典 T 恤LOGO換上格紋新裝！Cooper Plaid 短袖上衣以溫暖格紋設計煥新登場，純棉材質舒適百搭，是秋冬休閒造型的全新首選。','紅#FF0000,灰#808080,白#FFFFFF','XS,S,M,L',1680,35,'2025-10-04 14:58:00'),(1126,1,'女裝- ORIGINAL 連帽上衣','女裝ORIGINAL連帽上衣.jpg','連帽上衣是衣櫥必備的百搭單品！採用有機棉及環保材質，胸前加入經典海狸LOGO，休閒舒適輕鬆應對日常各種搭配。','淺紫#c5bef9,粉紫#d27497,淺綠#90926F','XS,S,M,L',1540,20,'2025-10-04 14:58:00'),(1127,4,'女裝- SIGNATURE CORD 夾克','女裝SIGNATURE CORD夾克.jpg','經典單品注入現代新意！Roots Signature 燈芯絨夾克以刺繡細節搭配微寬鬆、微短版版型，展現煥然一新的時尚風格，勢必成為你衣櫃中的全新百搭首選。','胡桃木#8A4D36,黑#000000,白#FFFFFF','S,M,L,XL',5580,60,'2025-10-04 14:58:00'),(1128,1,'男裝-TAIWAN DAY ANIMAL 短袖上衣','男裝TAIWAN DAY ANIMAL短袖上衣.jpg','此款短袖T恤以柔軟親膚棉料打造舒適體感，結合台灣人氣動物與撞色印花，讓你在日常中展現文化識別感。','黑#000000,白#FFFFFF,灰#808080','S,M,L,XL',1664,28,'2025-10-13 12:03:30'),(1129,2,'女裝- MODERN CLASSIC 連帽外套','女裝MODERN CLASSIC連帽外套.jpg','連帽外套以直條壓印發泡印刷打造層次感LOGO，前胸LOGO與背部楓葉標章設計相呼應，細節別緻，實穿不失風格。','淡灰藍#DADEDF,粉紫#d27497,黑#000000','XS,S,M,L',3264,32,'2025-10-13 12:03:30'),(1130,3,'女裝- MODERN CLASSIC SLIM 棉褲','女裝MODERN CLASSIC SLIM棉褲.jpg','棉褲採鬆緊腰頭與窄管剪裁，舒適好穿，結合品牌LOGO與楓葉標章印花，俐落有型，輕鬆打造日常穿搭質感。','深藍#00008B,淺藍#ADD8E6,黑#000000','XS,S,M,L',2704,30,'2025-10-13 12:03:30'),(1131,4,'中性-GF ROOTS MODERN CLASSIC 短袖上衣','中性GF MODERN CLASSIC短袖上衣.jpg','正面天鵝絨貼花細膩吸睛，背面結合印花與刺繡設計，層次豐富展現個性，讓你穿出休閒與態度兼具的獨特風格。','粉紫#d27497,白#FFFFFF,黑#000000','S,M,L,XL',3424,31,'2025-10-13 12:03:30'),(1132,1,'中性-GF MODERN CLASSIC 連帽外套','中性GF MODERN CLASSIC連帽外套.jpg','連帽外套以天鵝絨貼花結合印花與刺繡詮釋設計巧思，搭配中性剪裁與柔軟質地。','紫色#8B79B1,白#FFFFFF,深藍#00008B','S,M,L,XL',5580,26,'2025-10-13 12:03:30'),(1133,1,'女裝- BEAVER 短袖上衣','女裝BEAVER 短袖上衣.jpg','短袖上衣以撞色結合經典LOGO印花，搭配反摺袖與不規則下襬巧思，展現輕盈俏皮感，是夏季不可或缺的元氣單品。','黑#000000,白#FFFFFF,粉紫#d27497,淺綠#90926F','XS,S,M,L',1584,50,'2025-10-04 14:58:00'),(1134,2,'男裝-TAIWAN DAY','男裝TAIWAN DAY.jpg','此款短袖T恤正面低調點綴品牌LOGO，背面滿版插畫印花傳遞濃濃台灣風情，是日常出遊與文化穿搭的必備單品。','黑#000000,白#FFFFFF,灰#808080,藍#3030FF','S,M,L,XL',1824,40,'2025-10-04 14:58:00'),(1135,3,'女裝- COOPER PLAID 短袖上衣','女裝COOPER PLAID短袖上衣.jpg','經典 T 恤LOGO換上格紋新裝！Cooper Plaid 短袖上衣以溫暖格紋設計煥新登場，純棉材質舒適百搭，是秋冬休閒造型的全新首選。','紅#FF0000,灰#808080,白#FFFFFF','XS,S,M,L',1680,35,'2025-10-04 14:58:00'),(1136,1,'女裝- ORIGINAL 連帽上衣','女裝ORIGINAL連帽上衣.jpg','連帽上衣是衣櫥必備的百搭單品！採用有機棉及環保材質，胸前加入經典海狸LOGO，休閒舒適輕鬆應對日常各種搭配。','淺紫#c5bef9,粉紫#d27497,淺綠#90926F','XS,S,M,L',1540,20,'2025-10-04 14:58:00'),(1137,4,'女裝- SIGNATURE CORD 夾克','女裝SIGNATURE CORD夾克.jpg','經典單品注入現代新意！Roots Signature 燈芯絨夾克以刺繡細節搭配微寬鬆、微短版版型，展現煥然一新的時尚風格，勢必成為你衣櫃中的全新百搭首選。','胡桃木#8A4D36,黑#000000,白#FFFFFF','S,M,L,XL',5580,60,'2025-10-04 14:58:00'),(1138,1,'男裝-TAIWAN DAY ANIMAL 短袖上衣','男裝TAIWAN DAY ANIMAL短袖上衣.jpg','此款短袖T恤以柔軟親膚棉料打造舒適體感，結合台灣人氣動物與撞色印花，讓你在日常中展現文化識別感。','黑#000000,白#FFFFFF,灰#808080','S,M,L,XL',1664,28,'2025-10-13 12:03:30'),(1139,2,'女裝- MODERN CLASSIC 連帽外套','女裝MODERN CLASSIC連帽外套.jpg','連帽外套以直條壓印發泡印刷打造層次感LOGO，前胸LOGO與背部楓葉標章設計相呼應，細節別緻，實穿不失風格。','淡灰藍#DADEDF,粉紫#d27497,黑#000000','XS,S,M,L',3264,32,'2025-10-13 12:03:30'),(1140,3,'女裝- MODERN CLASSIC SLIM 棉褲','女裝MODERN CLASSIC SLIM棉褲.jpg','棉褲採鬆緊腰頭與窄管剪裁，舒適好穿，結合品牌LOGO與楓葉標章印花，俐落有型，輕鬆打造日常穿搭質感。','深藍#00008B,淺藍#ADD8E6,黑#000000','XS,S,M,L',2704,30,'2025-10-13 12:03:30'),(1141,4,'中性-GF ROOTS MODERN CLASSIC 短袖上衣','中性GF MODERN CLASSIC短袖上衣.jpg','正面天鵝絨貼花細膩吸睛，背面結合印花與刺繡設計，層次豐富展現個性，讓你穿出休閒與態度兼具的獨特風格。','粉紫#d27497,白#FFFFFF,黑#000000','S,M,L,XL',3424,31,'2025-10-13 12:03:30'),(1142,1,'中性-GF MODERN CLASSIC 連帽外套','中性GF MODERN CLASSIC連帽外套.jpg','連帽外套以天鵝絨貼花結合印花與刺繡詮釋設計巧思，搭配中性剪裁與柔軟質地。','紫色#8B79B1,白#FFFFFF,深藍#00008B','S,M,L,XL',5580,26,'2025-10-13 12:03:30');
/*!40000 ALTER TABLE `商品` ENABLE KEYS */;
UNLOCK TABLES;

--
-- Table structure for table `訂單`
--

DROP TABLE IF EXISTS `訂單`;
/*!40101 SET @saved_cs_client     = @@character_set_client */;
/*!50503 SET character_set_client = utf8mb4 */;
CREATE TABLE `訂單` (
  `訂單編號` int NOT NULL AUTO_INCREMENT,
  `使用者編號` int NOT NULL,
  `購物車編號` int DEFAULT NULL,
  `配送地址` varchar(255) NOT NULL,
  `總金額` decimal(10,0) NOT NULL,
  `狀態` varchar(3) DEFAULT NULL,
  `建立時間` datetime DEFAULT CURRENT_TIMESTAMP,
  PRIMARY KEY (`訂單編號`),
  KEY `使用者編號` (`使用者編號`),
  KEY `FKos75x85ddauwst4aryeq9ssbv` (`購物車編號`),
  CONSTRAINT `FKos75x85ddauwst4aryeq9ssbv` FOREIGN KEY (`購物車編號`) REFERENCES `購物車` (`購物車編號`),
  CONSTRAINT `訂單_ibfk_1` FOREIGN KEY (`使用者編號`) REFERENCES `使用者` (`使用者編號`)
) ENGINE=InnoDB AUTO_INCREMENT=161 DEFAULT CHARSET=utf8mb4 COLLATE=utf8mb4_0900_ai_ci;
/*!40101 SET character_set_client = @saved_cs_client */;

--
-- Dumping data for table `訂單`
--

LOCK TABLES `訂單` WRITE;
/*!40000 ALTER TABLE `訂單` DISABLE KEYS */;
INSERT INTO `訂單` VALUES (1,1,4,'aaa',3000,'完成','2025-10-04 16:00:00'),(150,36,121,'111',1924,'未出貨','2025-10-16 16:24:14'),(151,36,122,'111',12048,'未出貨','2025-10-16 16:35:00'),(152,36,123,'111',12048,'未出貨','2025-10-16 16:35:00'),(153,36,125,'111',5580,'未出貨','2025-10-17 09:39:36'),(154,37,128,'11',27900,'未出貨','2025-10-17 14:02:19'),(155,37,129,'11',27900,'未出貨','2025-10-17 14:02:19'),(156,37,130,'11',15840,'未出貨','2025-10-17 14:04:36'),(157,37,130,'11',15840,'未出貨','2025-10-17 14:04:38'),(158,37,131,'11',10944,'未出貨','2025-10-17 14:50:53'),(159,37,132,'11',1924,'未出貨','2025-10-17 14:51:00'),(160,37,135,'11',5580,'未出貨','2025-10-17 14:51:05');
/*!40000 ALTER TABLE `訂單` ENABLE KEYS */;
UNLOCK TABLES;

--
-- Table structure for table `訂單明細`
--

DROP TABLE IF EXISTS `訂單明細`;
/*!40101 SET @saved_cs_client     = @@character_set_client */;
/*!50503 SET character_set_client = utf8mb4 */;
CREATE TABLE `訂單明細` (
  `明細編號` int NOT NULL AUTO_INCREMENT,
  `訂單編號` int NOT NULL,
  `商品編號` int NOT NULL,
  `數量` int NOT NULL,
  `單價` decimal(10,0) NOT NULL,
  PRIMARY KEY (`明細編號`),
  KEY `訂單編號` (`訂單編號`),
  KEY `商品編號` (`商品編號`),
  CONSTRAINT `訂單明細_ibfk_1` FOREIGN KEY (`訂單編號`) REFERENCES `訂單` (`訂單編號`),
  CONSTRAINT `訂單明細_ibfk_2` FOREIGN KEY (`商品編號`) REFERENCES `商品` (`商品編號`)
) ENGINE=InnoDB DEFAULT CHARSET=utf8mb4 COLLATE=utf8mb4_0900_ai_ci;
/*!40101 SET character_set_client = @saved_cs_client */;

--
-- Dumping data for table `訂單明細`
--

LOCK TABLES `訂單明細` WRITE;
/*!40000 ALTER TABLE `訂單明細` DISABLE KEYS */;
/*!40000 ALTER TABLE `訂單明細` ENABLE KEYS */;
UNLOCK TABLES;

--
-- Table structure for table `評論`
--

DROP TABLE IF EXISTS `評論`;
/*!40101 SET @saved_cs_client     = @@character_set_client */;
/*!50503 SET character_set_client = utf8mb4 */;
CREATE TABLE `評論` (
  `評論編號` int NOT NULL AUTO_INCREMENT,
  `商品編號` int NOT NULL,
  `使用者編號` int NOT NULL,
  `評分` int DEFAULT NULL,
  `評論內容` text,
  `建立時間` datetime DEFAULT CURRENT_TIMESTAMP,
  PRIMARY KEY (`評論編號`),
  KEY `商品編號` (`商品編號`),
  KEY `使用者編號` (`使用者編號`),
  CONSTRAINT `評論_ibfk_1` FOREIGN KEY (`商品編號`) REFERENCES `商品` (`商品編號`),
  CONSTRAINT `評論_ibfk_2` FOREIGN KEY (`使用者編號`) REFERENCES `使用者` (`使用者編號`),
  CONSTRAINT `評論_chk_1` CHECK (((`評分` >= 1) and (`評分` <= 5)))
) ENGINE=InnoDB AUTO_INCREMENT=6 DEFAULT CHARSET=utf8mb4 COLLATE=utf8mb4_0900_ai_ci;
/*!40101 SET character_set_client = @saved_cs_client */;

--
-- Dumping data for table `評論`
--

LOCK TABLES `評論` WRITE;
/*!40000 ALTER TABLE `評論` DISABLE KEYS */;
INSERT INTO `評論` VALUES (1,16,1,5,'質感很好，穿起來舒適','2025-10-04 17:00:00'),(2,17,2,4,'西裝褲合身，彈性佳','2025-10-04 17:05:00'),(3,18,3,3,'毛衣還可以，有點薄','2025-10-04 17:10:00'),(4,19,1,5,'外套質感一流','2025-10-04 17:15:00'),(5,20,4,2,'POLO衫顏色不太對','2025-10-04 17:20:00');
/*!40000 ALTER TABLE `評論` ENABLE KEYS */;
UNLOCK TABLES;

--
-- Table structure for table `購物車`
--

DROP TABLE IF EXISTS `購物車`;
/*!40101 SET @saved_cs_client     = @@character_set_client */;
/*!50503 SET character_set_client = utf8mb4 */;
CREATE TABLE `購物車` (
  `購物車編號` int NOT NULL AUTO_INCREMENT,
  `使用者編號` int NOT NULL,
  `商品編號` int NOT NULL,
  `商品大小` varchar(255) NOT NULL,
  `商品顏色` varchar(255) NOT NULL,
  `數量` int NOT NULL,
  `狀態` int DEFAULT NULL,
  `加入時間` datetime DEFAULT CURRENT_TIMESTAMP,
  PRIMARY KEY (`購物車編號`),
  KEY `使用者編號` (`使用者編號`),
  KEY `商品編號` (`商品編號`),
  CONSTRAINT `購物車_ibfk_1` FOREIGN KEY (`使用者編號`) REFERENCES `使用者` (`使用者編號`),
  CONSTRAINT `購物車_ibfk_2` FOREIGN KEY (`商品編號`) REFERENCES `商品` (`商品編號`)
) ENGINE=InnoDB AUTO_INCREMENT=138 DEFAULT CHARSET=utf8mb4 COLLATE=utf8mb4_0900_ai_ci;
/*!40101 SET character_set_client = @saved_cs_client */;

--
-- Dumping data for table `購物車`
--

LOCK TABLES `購物車` WRITE;
/*!40000 ALTER TABLE `購物車` DISABLE KEYS */;
INSERT INTO `購物車` VALUES (4,1,17,'XL','red',3,1,'2025-10-04 15:02:00'),(59,1,18,'S','灰色',2,1,'2025-10-15 14:49:44'),(60,1,18,'S','灰色',2,1,'2025-10-15 14:49:44'),(61,1,18,'S','灰色',2,1,'2025-10-15 14:49:44'),(62,1,17,'M','黑色',1,1,'2025-10-15 14:51:51'),(63,1,17,'M','黑色',1,1,'2025-10-15 14:51:51'),(64,1,17,'M','黑色',1,1,'2025-10-15 14:51:51'),(65,1,17,'M','黑色',1,1,'2025-10-15 14:51:51'),(66,1,17,'L','白色',2,1,'2025-10-15 16:35:37'),(67,1,17,'L','灰色',3,1,'2025-10-15 16:35:37'),(68,1,17,'L','白色',3,1,'2025-10-15 16:35:37'),(69,1,17,'L','白色',2,1,'2025-10-15 16:35:37'),(70,1,17,'L','灰色',2,1,'2025-10-15 16:35:37'),(71,1,17,'L','藍色',1,1,'2025-10-15 16:35:37'),(72,1,17,'M','白色',2,1,'2025-10-15 16:35:37'),(73,1,18,'S','紅色',10,1,'2025-10-15 16:35:37'),(74,1,16,'XS','黑色',30,1,'2025-10-15 16:35:37'),(75,1,16,'M','淺綠色',30,1,'2025-10-15 16:35:37'),(76,1,16,'L','淺綠色',10,1,'2025-10-15 16:35:37'),(77,1,17,'M','藍色',1,1,'2025-10-15 16:35:37'),(78,1,16,'M','白色',25,1,'2025-10-15 16:35:37'),(79,1,16,'L','粉紫色',11,1,'2025-10-15 16:35:37'),(80,1,16,'L','淺綠色',3,1,'2025-10-15 16:35:37'),(81,1,16,'L','淺綠色',5,1,'2025-10-15 16:35:37'),(82,1,16,'L','淺綠色',7,1,'2025-10-15 16:35:37'),(83,1,16,'L','淺綠色',1,1,'2025-10-15 16:35:37'),(84,1,16,'L','淺綠色',1,1,'2025-10-15 16:35:37'),(85,1,16,'L','淺綠色',5,1,'2025-10-15 16:35:37'),(86,1,17,'XL','藍色',1,1,'2025-10-15 16:35:37'),(87,1,17,'XL','藍色',2,1,'2025-10-15 16:35:37'),(88,1,17,'XL','藍色',1,1,'2025-10-15 16:35:37'),(89,1,17,'XL','藍色',1,1,'2025-10-15 16:35:37'),(90,1,17,'XL','藍色',1,1,'2025-10-15 16:35:37'),(91,1,17,'M','黑色',4,1,'2025-10-15 16:35:38'),(92,1,16,'M','粉紫色',2,1,'2025-10-15 16:41:19'),(93,1,16,'L','淺綠色',1,1,'2025-10-15 16:41:19'),(94,1,16,'L','淺綠色',1,1,'2025-10-15 16:41:19'),(95,1,16,'S','白色',19,1,'2025-10-15 16:42:01'),(101,1,16,'XS','黑色',1,1,'2025-10-15 17:21:23'),(102,1,17,'XL','黑色',10,1,'2025-10-15 17:21:23'),(103,1,17,'XL','藍色',1,1,'2025-10-15 17:21:23'),(104,1,20,'XL','白色',1,1,'2025-10-15 17:21:23'),(105,1,20,'XL','白色',1,1,'2025-10-15 17:21:23'),(106,1,20,'XL','黑色',1,1,'2025-10-15 17:21:23'),(107,1,16,'M','粉紫色',3,1,'2025-10-15 17:21:24'),(108,1,16,'L','淺綠色',1,1,'2025-10-15 17:21:24'),(109,1,16,'L','淺綠色',1,1,'2025-10-15 17:21:24'),(110,1,16,'L','淺綠色',1,1,'2025-10-15 17:21:24'),(111,1,16,'L','淺綠色',1,1,'2025-10-15 17:21:24'),(112,1,16,'L','淺綠色',1,1,'2025-10-15 17:21:24'),(113,1,16,'L','淺綠色',1,1,'2025-10-15 17:21:24'),(114,1,16,'L','淺綠色',1,1,'2025-10-15 17:21:24'),(115,1,16,'L','淺綠色',1,1,'2025-10-15 17:18:50'),(116,1,16,'M','粉紫色',6,1,'2025-10-15 17:23:29'),(117,1,16,'M','粉紫色',9,1,'2025-10-15 17:23:47'),(118,1,20,'S','胡桃木色',7,1,'2025-10-16 10:47:58'),(121,36,17,'M','黑色',1,1,'2025-10-16 16:24:14'),(122,36,18,'XS','紅色',5,1,'2025-10-16 16:35:00'),(123,36,17,'M','白色',2,1,'2025-10-16 16:35:00'),(125,36,20,'XL','白色',1,1,'2025-10-17 09:39:36'),(128,37,20,'S','黑色',1,1,'2025-10-17 14:02:19'),(129,37,20,'M','胡桃木色',4,1,'2025-10-17 14:02:19'),(130,37,16,'M','粉紫色',10,1,'2025-10-17 14:04:38'),(131,37,17,'M','藍色',6,1,'2025-10-17 14:50:53'),(132,37,17,'S','黑色',1,1,'2025-10-17 14:51:00'),(135,37,847,'M','紫色',1,1,'2025-10-17 14:51:05'),(137,1,17,'M','黑色',3,0,'2025-10-17 16:21:23');
/*!40000 ALTER TABLE `購物車` ENABLE KEYS */;
UNLOCK TABLES;
/*!40103 SET TIME_ZONE=@OLD_TIME_ZONE */;

/*!40101 SET SQL_MODE=@OLD_SQL_MODE */;
/*!40014 SET FOREIGN_KEY_CHECKS=@OLD_FOREIGN_KEY_CHECKS */;
/*!40014 SET UNIQUE_CHECKS=@OLD_UNIQUE_CHECKS */;
/*!40101 SET CHARACTER_SET_CLIENT=@OLD_CHARACTER_SET_CLIENT */;
/*!40101 SET CHARACTER_SET_RESULTS=@OLD_CHARACTER_SET_RESULTS */;
/*!40101 SET COLLATION_CONNECTION=@OLD_COLLATION_CONNECTION */;
/*!40111 SET SQL_NOTES=@OLD_SQL_NOTES */;

-- Dump completed on 2025-10-17 16:25:33
